time,open,high,low,close,买入形状,卖出形状,Q-买入形状,Q-卖出形状,多头突破形状,空头突破形状,多头反转形状,空头反转形状,快速 MA,慢速 MA,支撑,阻力,red_green (开盘价),red_green (最高价,red_green (最低价),red_green (关闭),cyan_magenta (开盘价),cyan_magenta (最高价,cyan_magenta (最低价),cyan_magenta (关闭),yellow (开盘价),yellow (最高价,yellow (最低价),yellow (关闭),blue (开盘价),blue (最高价,blue (最低价),blue (关闭),fuchsia (开盘价),fuchsia (最高价,fuchsia (最低价),fuchsia (关闭),white (开盘价),white (最高价,white (最低价),white (关闭)
1788141852,18.71,18.75,18.71,18.75,0,0,0,0,0,0,0,0,18.716342381030344,19.13957229919429,18.56,18.88,21.979810277258196,22.066438365013717,21.979810277258196,22.066438365013717,48.738465601654816,47.94001022815486,48.738465601654816,47.94001022815486,96,101,96,101,-1,4,-1,4,-1,4,-1,4,96,101,96,101
1788141900,18.76,18.8,18.76,18.8,0,0,0,0,0,0,0,0,18.729128614782404,19.13606080036317,18.56,18.88,22.607626026684812,22.14375088810959,22.607626026684812,22.14375088810959,51.60776043167059,49.77388532991273,51.60776043167059,49.77388532991273,96,101,96,101,-1,4,-1,4,-1,4,-1,4,96,101,96,101
1788142011,18.82,18.830000000000002,18.790000000000003,18.790000000000003,0,0,0,0,0,0,0,0,18.742620381791664,19.132750079298194,18.56,18.88,23.12191647532822,22.283488829140822,23.12191647532822,22.283488829140822,54.797993789916866,52.285939559914794,54.797993789916866,52.285939559914794,96,101,96,101,-1,4,-1,4,-1,4,-1,4,96,101,96,101
1788142260,18.78,18.81,18.77,18.77,0,0,0,0,0,0,0,0,18.75002273661742,19.129273295756256,18.56,18.88,23.462109254563014,22.451863175629708,23.462109254563014,22.451863175629708,56.493518486595306,54.38972902325505,56.493518486595306,54.38972902325505,96,101,96,101,-1,4,-1,4,-1,4,-1,4,96,101,96,101
1788142389,18.76,18.8,18.76,18.8,0,0,0,0,0,0,0,0,18.756685269353646,19.125864274571285,18.56,18.830000000000002,23.984046505610713,22.670746508484136,23.984046505610713,22.670746508484136,58.11998554262293,56.254857282938985,58.11998554262293,56.254857282938985,96,101,96,101,-1,4,-1,4,-1,4,-1,4,96,101,96,101
1788142491,18.81,18.81,18.77,18.77,0,0,0,0,0,0,0,0,18.761530371895407,19.122456006499267,18.56,18.830000000000002,24.262658568396755,22.89816251704308,24.262658568396755,22.89816251704308,59.60068024865506,57.927768765797026,59.60068024865506,57.927768765797026,96,101,96,101,-1,4,-1,4,-1,4,-1,4,96,101,96,101
1788142542,18.76,18.8,18.76,18.76,0,0,0,0,0,0,0,0,18.763676364884123,19.11898214905483,18.56,18.830000000000002,24.45268845087392,23.120237650447486,24.45268845087392,23.120237650447486,60.09062636031924,59.00919756305814,60.09062636031924,59.00919756305814,96,101,96,101,-1,4,-1,4,-1,4,-1,4,96,101,96,101
1788142716,18.75,18.76,18.720000000000002,18.720000000000002,0,0,0,0,0,0,0,0,18.758159450056706,19.11514484740586,18.56,18.830000000000002,24.35441949559173,23.296549342610952,24.35441949559173,23.296549342610952,59.03871869845555,59.02395813075684,59.03871869845555,59.02395813075684,96,101,96,101,-1,4,-1,4,-1,4,-1,4,96,101,96,101
1788142746,18.71,18.71,18.67,18.67,0,0,0,0,0,0,0,0,18.744554701561547,19.110848215425037,18.56,18.830000000000002,23.91976315799453,23.385579887665752,23.91976315799453,23.385579887665752,56.05916148179309,57.54155980627496,56.05916148179309,57.54155980627496,96,101,96,101,-1,4,-1,4,-1,4,-1,4,96,101,96,101
1788142767,18.650000000000002,18.69,18.650000000000002,18.69,0,0,0,0,0,0,0,0,18.73221142248975,19.10652800100953,18.56,18.830000000000002,23.653516339016907,23.423856523573058,23.653516339016907,23.423856523573058,52.98577477660203,55.263667291438495,52.98577477660203,55.263667291438495,96,101,96,101,-1,4,-1,4,-1,4,-1,4,96,101,96,101
1788142770,18.71,18.72,18.68,18.72,0,0,0,0,0,0,0,0,18.72756692143101,19.102549281264825,18.61,18.830000000000002,23.612331106010195,23.450781463921224,23.612331106010195,23.450781463921224,51.90988487345115,53.58677608244482,51.90988487345115,53.58677608244482,96,101,96,101,-1,4,-1,4,-1,4,-1,4,96,101,96,101
1788142896,18.73,18.74,18.7,18.74,0,0,0,0,0,0,0,0,18.727403238746582,19.098809155746434,18.650000000000002,18.830000000000002,23.71145031272374,23.48801987089301,23.71145031272374,23.48801987089301,52.083472748672484,52.83512441555865,52.083472748672484,52.83512441555865,96,101,96,101,-1,4,-1,4,-1,4,-1,4,96,101,96,101
1788143103,18.75,18.75,18.71,18.71,0,0,0,0,0,0,0,0,18.726663255944175,19.095073077911476,18.650000000000002,18.830000000000002,23.597445620056668,23.50365212077353,23.597445620056668,23.50365212077353,52.05369092743357,52.44440767149611,52.05369092743357,52.44440767149611,96,101,96,101,-1,4,-1,4,-1,4,-1,4,96,101,96,101
1788143250,18.7,18.74,18.7,18.74,0,0,0,0,0,0,0,0,18.726663876075538,19.091407342476202,18.650000000000002,18.830000000000002,23.697628075766893,23.531362971486868,23.697628075766893,23.531362971486868,51.938877937800264,52.19164280464818,51.938877937800264,52.19164280464818,96,101,96,101,-1,4,-1,4,-1,4,-1,4,96,101,96,101
1788143322,18.75,18.75,18.71,18.71,0,0,0,0,0,0,0,0,18.72605832284968,19.08774491452453,18.650000000000002,18.830000000000002,26.011908997184246,23.885726689443633,26.011908997184246,23.885726689443633,51.92975251811452,52.060697661381354,51.92975251811452,52.060697661381354,96,101,96,101,-1,4,-1,4,-1,4,-1,4,96,101,96,101
1788143493,18.7,18.71,18.67,18.67,0,0,0,0,0,0,0,0,18.71829014293762,19.08372091869178,18.650000000000002,18.830000000000002,27.464020027002118,24.396911451951986,27.464020027002118,24.396911451951986,50.046930729812544,51.05381419559695,50.046930729812544,51.05381419559695,96,101,96,101,-1,4,-1,4,-1,4,-1,4,96,101,96,101
1788143580,18.66,18.669999999999998,18.63,18.669999999999998,0,0,0,0,0,0,0,0,18.70708587452472,19.07947162265173,18.63,18.830000000000002,28.812408840404366,25.02769679315947,28.812408840404366,25.02769679315947,47.3616549112678,49.207734553432374,47.3616549112678,49.207734553432374,96,101,96,101,-1,4,-1,4,-1,4,-1,4,96,101,96,101
1788143910,18.68,18.68,18.64,18.64,0,0,0,0,0,0,0,0,18.697312685217195,19.075231440668464,18.63,18.830000000000002,29.541836083511374,25.672573834638317,29.541836083511374,25.672573834638317,44.8814184953724,47.04457652440239,44.8814184953724,47.04457652440239,96,101,96,101,-1,4,-1,4,-1,4,-1,4,96,101,96,101
1788144534,18.63,18.65,18.61,18.65,0,0,0,0,0,0,1,0,18.686286136389825,19.07086761207143,18.61,18.830000000000002,30.393377408556695,26.346974345198085,30.393377408556695,26.346974345198085,42.59677140873182,44.8206739665671,42.59677140873182,44.8206739665671,96,101,96,101,-1,4,-1,4,-1,4,-1,4,96,101,96,101
1788144921,18.66,18.66,18.62,18.62,0,0,0,0,0,0,0,0,18.676658354015917,19.066514037158615,18.61,18.830000000000002,30.661446269617986,26.963327477258073,30.661446269617986,26.963327477258073,40.53268237150575,42.67667816903642,40.53268237150575,42.67667816903642,96,101,96,101,-1,4,-1,4,-1,4,-1,4,96,101,96,101
1788144936,18.6,18.64,18.6,18.64,0,0,0,0,0,0,0,0,18.667568956316053,19.06213744640745,18.6,18.830000000000002,31.258799410638307,27.57696632488382,31.258799410638307,27.57696632488382,38.1285425618199,40.40261036542816,38.1285425618199,40.40261036542816,96,101,96,101,-1,4,-1,4,-1,4,-1,4,96,101,96,101
1788145068,18.650000000000002,18.68,18.64,18.68,0,0,0,0,0,0,0,0,18.66740490365253,19.058202413773216,18.6,18.830000000000002,32.114831112967224,28.225232723181453,32.114831112967224,28.225232723181453,38.29007351859716,39.34634194201266,38.29007351859716,39.34634194201266,96,101,96,101,-1,4,-1,4,-1,4,-1,4,96,101,96,101
1788145374,18.69,18.73,18.69,18.73,0,0,0,0,0,0,0,0,18.67636158783692,19.054804048130364,18.6,18.81,33.8749686589522,29.03233785686299,33.8749686589522,29.03233785686299,40.96821116408847,40.157276553050565,40.96821116408847,40.157276553050565,96,101,96,101,-1,4,-1,4,-1,4,-1,4,96,101,96,101
1788145737,18.740000000000002,18.75,18.71,18.75,0,0,0,0,0,0,0,0,18.687326147624145,19.05163850204615,18.6,18.81,35.820407405534965,30.00206207810184,35.820407405534965,30.00206207810184,44.63941909302828,42.39834782303942,44.63941909302828,42.39834782303942,96,101,96,101,-1,4,-1,4,-1,4,-1,4,96,101,96,101
1788146097,18.76,18.79,18.75,18.79,0,0,0,0,0,0,0,0,18.703569878359147,19.04890246388317,18.6,18.81,38.42053703529831,31.204701357701335,38.42053703529831,31.204701357701335,49.194036241229306,45.796192032134364,49.194036241229306,45.796192032134364,96,101,96,101,-1,4,-1,4,-1,4,-1,4,96,101,96,101
1788146586,18.8,18.82,18.78,18.78,0,0,0,0,0,0,0,0,18.71989050653627,19.04635948745979,18.6,18.82,40.636530421665896,32.55210550969627,40.636530421665896,32.55210550969627,54.09178261670563,49.94398732441999,54.09178261670563,49.94398732441999,96,101,96,101,-1,4,-1,4,-1,4,-1,4,96,101,96,101
1788146970,18.76,18.79,18.75,18.79,0,0,0,0,0,0,0,0,18.730213444741796,19.04367597680513,18.6,18.82,42.892651264562744,34.02932633182005,42.892651264562744,34.02932633182005,57.29606211866704,53.620024721543516,57.29606211866704,53.620024721543516,96,101,96,101,-1,4,-1,4,-1,4,-1,4,96,101,96,101
1788152418,18.8,18.82,18.78,18.82,0,0,0,0,0,0,0,0,18.744114030546317,19.04131767521171,18.6,18.82,45.50115936751414,35.668159622633496,45.50115936751414,35.668159622633496,62.03016504581386,57.82509488367869,62.03016504581386,57.82509488367869,96,101,96,101,-1,4,-1,4,-1,4,-1,4,96,101,96,101
1788152493,18.830000000000002,18.830000000000002,18.790000000000003,18.790000000000003,0,0,0,0,0,0,0,0,18.754881176507595,19.038949671809938,18.6,18.830000000000002,47.229431533903885,37.31976989567212,47.229431533903885,37.31976989567212,65.96374395231267,61.89441941799568,65.96374395231267,61.89441941799568,96,101,96,101,-1,4,-1,4,-1,4,-1,4,96,101,96,101
1788152859,18.78,18.8,18.76,18.8,0,0,0,0,0,0,0,0,18.760660356536516,19.036439393151795,18.6,18.830000000000002,49.05070590485882,38.995617896984506,49.05070590485882,38.995617896984506,68.21737059266565,65.05589500533065,68.21737059266565,65.05589500533065,96,101,96,101,-1,4,-1,4,-1,4,-1,4,96,101,96,101
1788153051,18.82,18.849999999999998,18.81,18.849999999999998,0,0,0,0,0,0,0,0,18.774479685651087,19.03445160482856,18.6,18.849999999999998,51.82414033156799,40.82826395906786,51.82414033156799,40.82826395906786,71.95774622228507,68.50682061380786,71.95774622228507,68.50682061380786,96,101,96,101,-1,4,-1,4,-1,4,-1,4,96,101,96,101
1788153201,18.86,18.9,18.86,18.9,0,0,0,0,0,0,0,0,18.79487731856301,19.032981107931427,18.6,18.9,55.265273165027416,42.89069384563351,55.265273165027416,42.89069384563351,75.20187771433966,71.85434916407377,75.20187771433966,71.85434916407377,96,101,96,101,-1,4,-1,4,-1,4,-1,4,96,101,96,101
1788153439,18.91,18.94,18.900000000000002,18.94,0,0,0,0,0,0,0,0,18.81883901821822,19.031923252794464,18.6,18.94,58.46061079609689,45.114967695699704,58.46061079609689,45.114967695699704,78.15623131817351,75.00529024112365,78.15623131817351,75.00529024112365,96,101,96,101,-1,4,-1,4,-1,4,-1,4,96,101,96,101
1788153636,18.95,18.96,18.92,18.96,0,0,0,0,0,0,0,0,18.84208040884521,19.031074928554386,18.6,18.96,61.42771002494711,47.44535945702076,61.42771002494711,47.44535945702076,80.87994430446626,77.94261727279496,80.87994430446626,77.94261727279496,96,101,96,101,-1,4,-1,4,-1,4,-1,4,96,101,96,101
1788154077,18.97,18.97,18.93,18.93,0,0,0,0,0,0,0,0,18.860490031479415,19.030201877855667,18.6,18.97,63.48600948309551,49.736880889317156,63.48600948309551,49.736880889317156,82.68473990575869,80.31367858927683,82.68473990575869,80.31367858927683,96,101,96,101,-1,4,-1,4,-1,4,-1,4,96,101,96,101
1788154110,18.92,18.93,18.89,18.89,0,0,0,0,0,0,0,0,18.868279722725582,19.02893950427833,18.6,18.97,64.70042343987792,51.87452982511155,64.70042343987792,51.87452982511155,82.61008594238778,81.46188226583232,82.61008594238778,81.46188226583232,96,101,96,101,-1,4,-1,4,-1,4,-1,4,96,101,96,101
1788154179,18.87,18.91,18.87,18.91,0,0,0,0,0,0,0,0,18.873440985260324,19.027623356640404,18.6,18.97,66.17652559835356,53.91767207843184,66.17652559835356,53.91767207843184,82.15999644482669,81.81093935532951,82.15999644482669,81.81093935532951,96,101,96,101,-1,4,-1,4,-1,4,-1,4,96,101,96,101
1788154209,18.92,18.96,18.92,18.92,0,0,0,0,0,0,0,0,18.88433050309178,19.026685147453268,18.6,18.97,67.72140791624125,55.889634340976045,67.72140791624125,55.889634340976045,83.08694675965846,82.44894305749398,83.08694675965846,82.44894305749398,96,101,96,101,-1,4,-1,4,-1,4,-1,4,96,101,96,101
1788154344,18.91,18.93,18.89,18.93,0,0,0,0,0,0,0,0,18.89020980555994,19.02559043620166,18.6,18.97,69.33015752501149,57.80970908155253,69.33015752501149,57.80970908155253,83.49537521484238,82.97215913616819,83.49537521484238,82.97215913616819,96,101,96,101,-1,4,-1,4,-1,4,-1,4,96,101,96,101
1788154431,18.94,18.95,18.91,18.95,0,0,0,0,0,0,0,0,18.898656507579346,19.024705622574448,18.6,18.97,71.17242850319012,59.71866899892933,71.17242850319012,59.71866899892933,84.69487759727798,83.83351836672308,84.69487759727798,83.83351836672308,96,101,96,101,-1,4,-1,4,-1,4,-1,4,96,101,96,101
1788154635,18.96,18.99,18.95,18.99,0,0,0,0,0,0,0,0,18.91284017286795,19.024227623013175,18.64,18.99,73.23154075296225,61.64907924950546,73.23154075296225,61.64907924950546,86.36850314198921,85.10101075435614,86.36850314198921,85.10101075435614,96,101,96,101,-1,4,-1,4,-1,4,-1,4,96,101,96,101
1788154986,19,19.01,18.970000000000002,18.970000000000002,0,0,0,0,0,0,0,0,18.92565711113438,19.02382071465815,18.69,19.01,74.50865292140146,63.48616120263346,74.50865292140146,63.48616120263346,87.40993649104303,86.25547362269958,87.40993649104303,86.25547362269958,96,101,96,101,-1,4,-1,4,-1,4,-1,4,96,101,96,101
1788155217,18.96,18.990000000000002,18.950000000000003,18.950000000000003,0,0,0,0,0,0,0,0,18.932507333352373,19.023218850167357,18.71,19.01,75.37708247463472,65.18486424149079,75.37708247463472,65.18486424149079,87.46635671357693,86.86091516813826,87.46635671357693,86.86091516813826,96,101,96,101,-1,4,-1,4,-1,4,-1,4,96,101,96,101
1788155490,18.94,18.98,18.94,18.98,0,0,0,0,0,0,0,0,18.938718121227698,19.022656141873817,18.75,19.01,76.6596718216846,66.82412246723275,76.6596718216846,66.82412246723275,87.65408972661984,87.25750244737905,87.65408972661984,87.25750244737905,96,101,96,101,-1,4,-1,4,-1,4,-1,4,96,101,96,101
1788155649,18.990000000000002,19,18.96,18.96,0,0,0,0,0,0,0,0,18.945011796155995,19.022165367659483,18.75,19.01,77.5331873264849,68.35398887569734,77.5331873264849,68.35398887569734,88.16343579354867,87.71046912046387,88.16343579354867,87.71046912046387,96,101,96,101,-1,4,-1,4,-1,4,-1,4,96,101,96,101
1788155772,18.95,18.97,18.93,18.97,0,0,0,0,0,0,0,0,18.947130863521572,19.021513639291395,18.75,19.01,78.50303902538674,69.80385318279583,78.50303902538674,69.80385318279583,88.04252684743197,87.87649798394793,88.04252684743197,87.87649798394793,96,101,96,101,-1,4,-1,4,-1,4,-1,4,96,101,96,101
1788155895,18.990000000000002,19.01,18.970000000000002,18.970000000000002,0,0,0,0,0,0,0,0,18.953713130760075,19.021133735749522,18.76,19.01,79.4036156029385,71.17524781424478,79.4036156029385,71.17524781424478,88.7751275417012,88.32581276282457,88.7751275417012,88.32581276282457,96,101,96,101,-1,4,-1,4,-1,4,-1,4,96,101,96,101
1788156099,18.96,18.96,18.92,18.92,0,0,0,0,0,0,0,0,18.950007713046123,19.020260099904586,18.76,19.01,79.44621448844292,72.35681448198737,79.44621448844292,72.35681448198737,87.80028353748598,88.06304815015528,87.80028353748598,88.06304815015528,96,101,96,101,-1,4,-1,4,-1,4,-1,4,96,101,96,101
1788156183,18.91,18.95,18.91,18.95,0,0,0,0,0,0,0,0,18.947582068249858,19.019428324449482,18.76,19.01,79.96196107260174,73.44326399493228,79.96196107260174,73.44326399493228,86.89501655129446,87.47903235072488,86.89501655129446,87.47903235072488,96,101,96,101,-1,4,-1,4,-1,4,-1,4,96,101,96,101
1788156288,18.96,18.98,18.94,18.98,0,0,0,0,0,0,0,0,18.95105199523473,19.01890333282975,18.81,19.01,80.9170590912254,74.51094900868843,80.9170590912254,74.51094900868843,87.30374240982029,87.39138738027259,87.30374240982029,87.39138738027259,96,101,96,101,-1,4,-1,4,-1,4,-1,4,96,101,96,101
1788157146,18.990000000000002,19.02,18.98,19.02,0,0,0,0,0,0,0,0,18.9611637536769,19.018781574957483,18.86,19.02,82.28012629899501,75.62083147873223,82.28012629899501,75.62083147873223,88.64130301794123,88.01634519910691,88.64130301794123,88.01634519910691,96,101,96,101,-1,4,-1,4,-1,4,-1,4,96,101,96,101
1788157329,19.03,19.04,19,19,0,0,0,0,0,0,0,1,18.97064913179625,19.01872736359804,18.87,19.04,82.89648091400188,76.66020996948505,82.89648091400188,76.66020996948505,89.41981817122235,88.71808168516463,89.41981817122235,88.71808168516463,96,101,96,101,-1,4,-1,4,-1,4,-1,4,96,101,96,101
1788157800,18.990000000000002,19.03,18.990000000000002,19.03,0,0,0,0,0,0,0,0,18.979015956318143,19.01870685915096,18.87,19.04,83.95582318637841,77.70244042904126,83.95582318637841,77.70244042904126,90.08711687403486,89.40259927959974,90.08711687403486,89.40259927959974,96,101,96,101,-1,4,-1,4,-1,4,-1,4,96,101,96,101
1788157983,19.04,19.07,19.03,19.07,0,0,0,0,0,0,0,0,18.993134267290603,19.01908456867848,18.87,19.07,85.1018358159228,78.75949691288147,85.1018358159228,78.75949691288147,91.07771111999342,90.24015519979659,91.07771111999342,90.24015519979659,96,101,96,101,-1,4,-1,4,-1,4,-1,4,96,101,96,101
1788158064,19.080000000000002,19.080000000000002,19.040000000000003,19.040000000000003,0,0,0,0,0,0,0,0,19.004079552025647,19.01942535240639,18.87,19.080000000000002,85.57075230526165,79.73253339750723,85.57075230526165,79.73253339750723,91.57310303791652,90.90662911885656,91.57310303791652,90.90662911885656,96,101,96,101,-1,4,-1,4,-1,4,-1,4,96,101,96,101
1788158310,19.03,19.07,19.03,19.07,0,0,0,0,0,0,0,0,19.013640845596743,19.019795912747288,18.87,19.080000000000002,86.45260333107626,80.69254338801709,86.45260333107626,80.69254338801709,91.82456450869036,91.36559681377346,91.82456450869036,91.36559681377346,96,101,96,101,-1,4,-1,4,-1,4,-1,4,96,101,96,101
1788158568,19.080000000000002,19.09,19.05,19.05,1,0,0,0,0,0,0,1,19.022675843367033,19.020229120912322,18.89,19.09,86.83718414270493,81.57034921011534,86.83718414270493,81.57034921011534,92.01504025556919,91.69031853467132,92.01504025556919,91.69031853467132,96,101,96,101,-1,4,-1,4,-1,4,-1,4,96,101,96,101
1788159165,19.03,19.05,19.01,19.05,0,0,1,0,0,0,0,0,19.02521962942151,19.02039267858152,18.89,19.09,87.19429489636013,82.37377002243602,87.19429489636013,82.37377002243602,90.97087484090821,91.33059668778976,90.97087484090821,91.33059668778976,96,101,96,101,-1,4,-1,4,-1,4,-1,4,96,101,96,101
1788159599,19.06,19.099999999999998,19.06,19.099999999999998,0,0,0,0,0,0,0,0,19.036391818011538,19.02105212124903,18.91,19.099999999999998,88.1089881180487,83.19308689323783,88.1089881180487,83.19308689323783,91.60768863914588,91.46914266346782,91.60768863914588,91.46914266346782,96,101,96,101,-1,4,-1,4,-1,4,-1,4,96,101,96,101
1788226200,19.12,19.16,19.12,19.16,0,0,0,0,0,0,0,0,19.056441790494286,19.022302017223335,18.91,19.16,88.95834610961664,84.01669535272052,88.95834610961664,84.01669535272052,92.24909897292649,91.85912081819716,92.24909897292649,91.85912081819716,96,101,96,101,-1,4,-1,4,-1,4,-1,4,96,101,96,101
1788226200.001,19.18,19.22,19.18,19.22,0,0,0,0,0,0,0,0,19.083755404343812,19.02413649134715,18.91,19.22,89.74703567321545,84.8353153985055,89.74703567321545,84.8353153985055,92.85947613828488,92.35929847824102,92.85947613828488,92.35929847824102,96,101,96,101,-1,4,-1,4,-1,4,-1,4,96,101,96,101
1788226215,19.23,19.27,19.23,19.27,0,0,0,0,0,0,0,0,19.11519381567524,19.026450224434907,18.91,19.27,90.47939026798578,85.64161180843125,90.47939026798578,85.64161180843125,93.43137170396412,92.89533509110257,93.43137170396412,92.89533509110257,96,101,96,101,-1,4,-1,4,-1,4,-1,4,96,101,96,101
1788226227,19.28,19.32,19.28,19.32,0,0,0,0,0,0,0,0,19.150007061310045,19.029238447740696,18.91,19.32,91.15943382027251,86.42987209583714,91.15943382027251,86.42987209583714,93.96158390952031,93.42845950031145,93.96158390952031,93.42845950031145,96,101,96,101,-1,4,-1,4,-1,4,-1,4,96,101,96,101
1788226236,19.35,19.36,19.32,19.36,0,0,0,0,0,0,0,0,19.185763353193067,19.032396937481252,18.91,19.36,91.7909028331102,87.19573362973328,91.7909028331102,87.19573362973328,94.56447451984863,93.99646701008004,94.56447451984863,93.99646701008004,96,101,96,101,-1,4,-1,4,-1,4,-1,4,96,101,96,101
1788226248,19.38,19.38,19.34,19.34,0,0,0,0,0,0,0,0,19.216230622309478,19.035590334454906,18.91,19.38,92.0109665501591,87.88362404693696,92.0109665501591,87.88362404693696,94.68163750052966,94.33905225530485,94.68163750052966,94.33905225530485,96,101,96,101,-1,4,-1,4,-1,4,-1,4,96,101,96,101
1788226269,19.32,19.32,19.28,19.28,0,0,0,0,0,0,0,0,19.230249297041087,19.03815494140892,18.91,19.38,91.66586088082542,88.4239435946353,91.66586088082542,88.4239435946353,93.08846239541198,93.71375732535842,93.08846239541198,93.71375732535842,96,101,96,101,-1,4,-1,4,-1,4,-1,4,96,101,96,101
1788226284,19.26,19.3,19.26,19.3,0,0,0,0,0,0,0,0,19.240507000609373,19.04062769489407,18.91,19.38,91.5285557995943,88.86745962391515,91.5285557995943,88.86745962391515,91.38674928010111,92.55025330272977,91.38674928010111,92.55025330272977,96,101,96,101,-1,4,-1,4,-1,4,-1,4,96,101,96,101
1788226296,19.32,19.32,19.28,19.28,0,0,0,0,0,0,0,0,19.250111788377367,19.04314217885864,18.91,19.38,91.21790804101524,89.20323796921517,91.21790804101524,89.20323796921517,90.26427249218752,91.40726289745865,90.26427249218752,91.40726289745865,96,101,96,101,-1,4,-1,4,-1,4,-1,4,96,101,96,101
1788226299,19.27,19.31,19.27,19.31,0,0,0,0,0,0,0,0,19.258576311702694,19.045664810578124,18.94,19.38,91.20417468277421,89.48908607115219,91.20417468277421,89.48908607115219,89.24612712215506,90.32669500980685,89.24612712215506,90.32669500980685,96,101,96,101,-1,4,-1,4,-1,4,-1,4,96,101,96,101
1788226308,19.330000000000002,19.330000000000002,19.290000000000003,19.290000000000003,0,0,0,0,0,0,0,0,19.266713951999176,19.048228676476185,18.98,19.38,91.0082720955431,89.70611264606518,91.0082720955431,89.70611264606518,88.7095655444804,89.51813027714363,88.7095655444804,89.51813027714363,96,101,96,101,-1,4,-1,4,-1,4,-1,4,96,101,96,101
1788226338,19.28,19.29,19.25,19.29,0,0,0,0,0,0,0,0,19.268523536484174,19.05050169130395,18.990000000000002,19.38,90.82636255025704,89.866148346664,90.82636255025704,89.866148346664,87.4070328573681,88.46258156725585,87.4070328573681,88.46258156725585,96,101,96,101,-1,4,-1,4,-1,4,-1,4,96,101,96,101
1788226410,19.3,19.31,19.27,19.27,0,0,0,0,0,0,0,0,19.271216226820385,19.05281842406046,18.990000000000002,19.38,90.47429636076983,89.95302663439341,90.47429636076983,89.95302663439341,86.40719434421638,87.43488795573612,86.40719434421638,87.43488795573612,96,101,96,101,-1,4,-1,4,-1,4,-1,4,96,101,96,101
1788226434,19.26,19.3,19.26,19.3,0,0,0,0,0,0,0,0,19.27402539770153,19.055145272245596,19.01,19.38,90.42210303097126,90.02003754819025,90.42210303097126,90.02003754819025,85.43109059291506,86.43298927432559,85.43109059291506,86.43298927432559,96,101,96,101,-1,4,-1,4,-1,4,-1,4,96,101,96,101
1788226455,19.31,19.349999999999998,19.31,19.349999999999998,0,0,0,0,0,0,0,0,19.285414719331552,19.057946480150285,19.01,19.38,90.83151325403374,90.13596264902503,90.83151325403374,90.13596264902503,86.11418707356246,86.27358817394403,86.11418707356246,86.27358817394403,96,101,96,101,-1,4,-1,4,-1,4,-1,4,96,101,96,101
1788226473,19.37,19.400000000000002,19.360000000000003,19.360000000000003,0,0,0,0,0,0,0,0,19.30139992187733,19.0610846577939,19.01,19.400000000000002,91.12926230731705,90.2778626002096,91.12926230731705,90.2778626002096,87.22323906596897,86.7484136199565,87.22323906596897,86.7484136199565,96,101,96,101,-1,4,-1,4,-1,4,-1,4,96,101,96,101
1788226530,19.35,19.37,19.330000000000002,19.330000000000002,0,0,0,0,0,0,0,0,19.309024178505695,19.06389310232663,19.01,19.400000000000002,91.13788642822297,90.40072314706866,91.13788642822297,90.40072314706866,87.35752852884805,87.05297107440228,87.35752852884805,87.05297107440228,96,101,96,101,-1,4,-1,4,-1,4,-1,4,96,101,96,101
1788226575,19.31,19.31,19.27,19.27,0,0,0,0,0,0,0,0,19.304353115747084,19.06607658721227,19.01,19.400000000000002,90.61018025477846,90.4306455910272,90.61018025477846,90.4306455910272,85.8399807215198,86.44647589796104,85.8399807215198,86.44647589796104,96,101,96,101,-1,4,-1,4,-1,4,-1,4,96,101,96,101
1788226596,19.26,19.3,19.26,19.3,0,0,0,0,0,0,0,0,19.30113739773246,19.068271513375993,19.06,19.400000000000002,90.38802452229426,90.42455686692249,90.38802452229426,90.42455686692249,84.48091642019483,85.46369615907793,84.48091642019483,85.46369615907793,96,101,96,101,-1,4,-1,4,-1,4,-1,4,96,101,96,101
1788226602,19.31,19.32,19.28,19.32,0,0,0,0,0,0,0,0,19.302142719356862,19.07064360445351,19.12,19.400000000000002,90.36030848498751,90.41537852664605,90.36030848498751,90.41537852664605,84.07402165462766,84.76885890685278,84.07402165462766,84.76885890685278,96,101,96,101,-1,4,-1,4,-1,4,-1,4,96,101,96,101
1788226632,19.34,19.34,19.3,19.3,0,0,0,0,0,0,0,0,19.304177376443494,19.073058427626446,19.18,19.400000000000002,90.15600073605981,90.3783245565623,90.15600073605981,90.3783245565623,83.90018182641546,84.33452036663412,83.90018182641546,84.33452036663412,96,101,96,101,-1,4,-1,4,-1,4,-1,4,96,101,96,101
1788226659,19.29,19.3,19.26,19.26,0,0,0,0,0,0,0,0,19.298569368605285,19.075051212757856,19.23,19.400000000000002,89.54335406694277,90.25904305804524,89.54335406694277,90.25904305804524,82.52668646345813,83.43060341504614,82.52668646345813,83.43060341504614,96,101,96,101,-1,4,-1,4,-1,4,-1,4,96,101,96,101
1788226680,19.25,19.25,19.21,19.21,0,0,0,0,0,0,0,0,19.28489008946493,19.07652665674368,19.21,19.400000000000002,88.37878853499817,89.99043526903851,88.37878853499817,89.99043526903851,79.94998781415939,81.69029561460276,79.94998781415939,81.69029561460276,96,101,96,101,-1,4,-1,4,-1,4,-1,4,96,101,96,101
1788226698,19.2,19.24,19.2,19.24,0,0,0,0,0,0,0,0,19.27430401259252,19.078020587190675,19.2,19.400000000000002,87.55256036841958,89.64216742609294,87.55256036841958,89.64216742609294,77.34843675996265,79.51936618728271,77.34843675996265,79.51936618728271,96,101,96,101,-1,4,-1,4,-1,4,-1,4,96,101,96,101
1788226707,19.26,19.26,19.220000000000002,19.220000000000002,0,0,0,0,0,0,0,0,19.266854798181758,19.079565987649808,19.2,19.400000000000002,86.46364122122478,89.1880922539689,86.46364122122478,89.1880922539689,75.00614307316523,77.26275463022398,75.00614307316523,77.26275463022398,96,101,96,101,-1,4,-1,4,-1,4,-1,4,96,101,96,101
1788226725,19.21,19.25,19.21,19.25,0,0,0,0,0,0,0,0,19.261366046997196,19.081129178485796,19.2,19.400000000000002,85.78217234278563,88.70153226665703,85.78217234278563,88.70153226665703,72.7927219372775,75.02773828375075,72.7927219372775,75.02773828375075,96,101,96,101,-1,4,-1,4,-1,4,-1,4,96,101,96,101
1788226782,19.26,19.3,19.26,19.3,0,0,0,0,0,0,0,0,19.265966159664373,19.083174327621922,19.2,19.400000000000002,85.69883036225698,88.27257485174275,85.69883036225698,88.27257485174275,72.63766409954798,73.83270119164936,72.63766409954798,73.83270119164936,96,101,96,101,-1,4,-1,4,-1,4,-1,4,96,101,96,101
1788226815,19.32,19.32,19.28,19.28,0,0,0,0,0,0,0,0,19.270942009422367,19.08526546200711,19.2,19.400000000000002,85.38105676495289,87.85950083934418,85.38105676495289,87.85950083934418,72.73704541866007,73.28487330515472,72.73704541866007,73.28487330515472,96,101,96,101,-1,4,-1,4,-1,4,-1,4,96,101,96,101
1788226848,19.27,19.27,19.23,19.23,0,0,0,0,0,0,0,0,19.265922250133453,19.086838276647175,19.2,19.400000000000002,84.52794556745623,87.38356437193161,84.52794556745623,87.38356437193161,70.99072757496872,72.13780044006171,70.99072757496872,72.13780044006171,96,101,96,101,-1,4,-1,4,-1,4,-1,4,96,101,96,101
1788226884,19.22,19.259999999999998,19.22,19.259999999999998,0,0,0,0,0,0,0,0,19.262421234957674,19.088428608886176,19.2,19.400000000000002,84.07059231263788,86.91028264917539,84.07059231263788,86.91028264917539,69.42062363568739,70.77921203787454,69.42062363568739,70.77921203787454,96,101,96,101,-1,4,-1,4,-1,4,-1,4,96,101,96,101
1788226923,19.27,19.3,19.26,19.26,0,0,0,0,0,0,0,0,19.26440525284416,19.090268456890627,19.2,19.400000000000002,83.51349189321219,86.42502682689494,83.51349189321219,86.42502682689494,69.02720121154162,69.90320662470808,69.02720121154162,69.90320662470808,96,101,96,101,-1,4,-1,4,-1,4,-1,4,96,101,96,101
1788227034,19.25,19.27,19.23,19.27,0,0,1,0,0,0,0,0,19.262998237175523,19.091924160470487,19.2,19.400000000000002,82.97152289554887,85.93166912241692,82.97152289554887,85.93166912241692,68.25042155128479,69.07681408799644,68.25042155128479,69.07681408799644,96,101,96,101,-1,4,-1,4,-1,4,-1,4,96,101,96,101
1788227076,19.28,19.28,19.240000000000002,19.28,0,0,0,0,0,0,0,0,19.26366522435573,19.093662891875425,19.2,19.400000000000002,82.57059201486949,85.45151524991014,82.57059201486949,85.45151524991014,67.40792435488281,68.24236922143962,67.40792435488281,68.24236922143962,96,101,96,101,-1,4,-1,4,-1,4,-1,4,96,101,96,101
1788227184,19.29,19.29,19.25,19.25,0,0,0,0,0,0,0,0,19.263604880533475,19.09535115497451,19.2,19.400000000000002,81.79398638577501,84.92901112646227,81.79398638577501,84.92901112646227,65.2272004674504,66.73478484444502,65.2272004674504,66.73478484444502,96,101,96,101,-1,4,-1,4,-1,4,-1,4,96,101,96,101
1788227232,19.23,19.26,19.220000000000002,19.220000000000002,0,0,0,0,0,0,0,0,19.258100962860723,19.096724111973103,19.2,19.400000000000002,80.66853991886657,84.32037238252003,80.66853991886657,84.32037238252003,59.1557822188536,62.94528353164931,59.1557822188536,62.94528353164931,96,101,96,101,-1,4,-1,4,-1,4,-1,4,96,101,96,101
1788227337,19.21,19.21,19.17,19.17,0,0,0,0,0,0,0,0,19.244506848401198,19.09758589527022,19.17,19.37,78.94962803786936,83.55312319042709,78.94962803786936,83.55312319042709,51.69874500746447,57.32201426955689,51.69874500746447,57.32201426955689,96,101,96,101,-1,4,-1,4,-1,4,-1,4,96,101,96,101
1788227385,19.16,19.19,19.150000000000002,19.19,0,0,0,0,0,0,0,0,19.23217226990401,19.09837276861745,19.150000000000002,19.34,77.62303735591911,82.70596807121167,77.62303735591911,82.70596807121167,45.79892429211239,51.56046928083464,45.79892429211239,51.56046928083464,96,101,96,101,-1,4,-1,4,-1,4,-1,4,96,101,96,101
1788227421,19.21,19.25,19.21,19.25,0,0,0,0,0,0,0,0,19.232989432951765,19.099748827304506,19.150000000000002,19.34,77.12055149436183,81.90805141737599,77.12055149436183,81.90805141737599,44.0562208218106,47.80834505132262,44.0562208218106,47.80834505132262,96,101,96,101,-1,4,-1,4,-1,4,-1,4,96,101,96,101
1788227457,19.26,19.26,19.220000000000002,19.220000000000002,0,0,0,0,0,0,0,0,19.233051960293867,19.101078026369468,19.150000000000002,19.34,76.2337894128318,81.09744255958397,76.2337894128318,81.09744255958397,42.676760704409,45.242552877865805,42.676760704409,45.242552877865805,96,101,96,101,-1,4,-1,4,-1,4,-1,4,96,101,96,101
1788227469,19.21,19.22,19.18,19.18,0,0,0,0,0,0,0,0,19.225830391755586,19.10199598962284,19.150000000000002,19.34,74.72437879879568,80.18700487947136,74.72437879879568,80.18700487947136,39.09436631806468,42.16845959796524,39.09436631806468,42.16845959796524,96,101,96,101,-1,4,-1,4,-1,4,-1,4,96,101,96,101
1788227532,19.17,19.2,19.16,19.16,0,0,0,0,0,0,0,0,19.21628547204245,19.102705813938368,19.150000000000002,19.32,73.03123803911492,79.16475247370614,73.03123803911492,79.16475247370614,34.652313986912354,38.4103867924388,34.652313986912354,38.4103867924388,96,101,96,101,-1,4,-1,4,-1,4,-1,4,96,101,96,101
1788227640,19.150000000000002,19.15,19.11,19.15,0,0,0,0,0,0,0,0,19.20180932561049,19.103043732870987,19.11,19.32,71.31326331037344,78.04311116465863,71.31326331037344,78.04311116465863,31.278338097156563,34.84436244479768,31.278338097156563,34.84436244479768,96,101,96,101,-1,4,-1,4,-1,4,-1,4,96,101,96,101
1788227712,19.17,19.19,19.150000000000002,19.19,0,0,0,0,0,0,0,0,19.19723793307525,19.103776299376417,19.11,19.32,70.30109144126513,76.93710834703099,70.30109144126513,76.93710834703099,30.159757777858548,32.50206011132811,30.159757777858548,32.50206011132811,96,101,96,101,-1,4,-1,4,-1,4,-1,4,96,101,96,101
1788227748,19.2,19.2,19.16,19.16,0,0,0,0,0,0,0,0,19.192891642213084,19.104468409167033,19.11,19.32,68.92389977855085,75.79236426581954,68.92389977855085,75.79236426581954,29.102452479543697,30.802256295435903,29.102452479543697,30.802256295435903,96,101,96,101,-1,4,-1,4,-1,4,-1,4,96,101,96,101
1788227832,19.14,19.14,19.1,19.14,0,0,0,0,0,0,0,0,19.18085073756828,19.10468928735111,19.1,19.32,67.35353375938321,74.58681705061436,67.35353375938321,74.58681705061436,26.468768791989834,28.63551254371287,26.468768791989834,28.63551254371287,96,101,96,101,-1,4,-1,4,-1,4,-1,4,96,101,96,101
1788228006,19.150000000000002,19.18,19.14,19.18,0,0,0,0,0,0,0,0,19.17827181558617,19.10530597769256,19.1,19.32,66.47842712059342,73.42847563203995,66.47842712059342,73.42847563203995,25.830373250277113,27.23294289699499,25.830373250277113,27.23294289699499,96,101,96,101,-1,4,-1,4,-1,4,-1,4,96,101,96,101
1788228063,19.2,19.2,19.16,19.16,0,0,0,0,0,0,0,0,19.177373909722018,19.105982866803412,19.1,19.32,65.37428290935568,72.27787667165649,65.37428290935568,72.27787667165649,25.75936754785642,26.496155222425706,25.75936754785642,26.496155222425706,96,101,96,101,-1,4,-1,4,-1,4,-1,4,96,101,96,101
1788228105,19.150000000000002,19.17,19.130000000000003,19.130000000000003,0,0,0,0,0,0,0,0,19.171184714014984,19.106354513236546,19.1,19.3,63.91168835752126,71.08270691249432,63.91168835752126,71.08270691249432,24.07945789816272,25.287806560294214,24.07945789816272,25.287806560294214,96,101,96,101,-1,4,-1,4,-1,4,-1,4,96,101,96,101
1788228192,19.12,19.14,19.1,19.14,0,0,0,0,0,0,0,0,19.163090523588018,19.10655662421595,19.1,19.3,62.69933743985574,69.88508270211739,62.69933743985574,69.88508270211739,21.972868674615768,23.63033761745499,21.972868674615768,23.63033761745499,96,101,96,101,-1,4,-1,4,-1,4,-1,4,96,101,96,101
1788228300,19.16,19.2,19.16,19.2,0,0,0,0,0,0,0,0,19.167377095056864,19.107353739066205,19.1,19.3,62.25808041775421,68.79551094720837,62.25808041775421,68.79551094720837,23.27833187982919,23.45433474864209,23.27833187982919,23.45433474864209,96,101,96,101,-1,4,-1,4,-1,4,-1,4,96,101,96,101
1788228342,19.22,19.22,19.18,19.18,0,0,0,0,0,0,0,0,19.17209641110713,19.108209257417123,19.1,19.29,61.21243521784657,67.7122144144424,61.21243521784657,67.7122144144424,25.66714161128199,24.56073817996204,25.66714161128199,24.56073817996204,96,101,96,101,-1,4,-1,4,-1,4,-1,4,96,101,96,101
1788228399,19.17,19.19,19.150000000000002,19.19,0,0,0,0,0,0,0,0,19.17292736666341,19.108890425668363,19.1,19.29,60.32443897406309,66.65681792295963,60.32443897406309,66.65681792295963,26.643264238241912,25.602001209101978,26.643264238241912,25.602001209101978,96,101,96,101,-1,4,-1,4,-1,4,-1,4,96,101,96,101
1788228477,19.2,19.2,19.16,19.16,0,0,0,0,0,0,0,0,19.173001178785213,19.109531648630202,19.1,19.29,58.9772229497833,65.55973292679158,58.9772229497833,65.55973292679158,27.360893156588155,26.481447182845066,27.360893156588155,26.481447182845066,96,101,96,101,-1,4,-1,4,-1,4,-1,4,96,101,96,101
1788228519,19.150000000000002,19.16,19.12,19.16,0,0,0,0,0,0,0,0,19.16821308567275,19.109901151297233,19.1,19.26,57.511816914908636,64.41003063937974,57.511816914908636,64.41003063937974,26.428384610408955,26.45491589662701,26.428384610408955,26.45491589662701,96,101,96,101,-1,4,-1,4,-1,4,-1,4,96,101,96,101
1788228666,19.18,19.2,19.16,19.2,0,0,0,0,0,0,0,0,19.1715682822171,19.110664987271058,19.1,19.26,56.883683472268594,63.3348381869353,56.883683472268594,63.3348381869353,28.367186808921822,27.411051352774415,28.367186808921822,27.411051352774415,96,101,96,101,-1,4,-1,4,-1,4,-1,4,96,101,96,101
1788228714,19.21,19.24,19.2,19.24,0,0,0,0,0,0,0,0,19.181586170298836,19.111819232837185,19.1,19.26,57.03301743670356,62.43457807975933,57.03301743670356,62.43457807975933,32.49654973232249,29.953800542548453,32.49654973232249,29.953800542548453,96,101,96,101,-1,4,-1,4,-1,4,-1,4,96,101,96,101
1788228771,19.25,19.28,19.240000000000002,19.28,0,0,0,0,0,0,0,0,19.197055351456623,19.11336000332305,19.1,19.28,57.904285421993954,61.78739341436428,57.904285421993954,61.78739341436428,38.63340626406871,34.29360340330858,38.63340626406871,34.29360340330858,96,101,96,101,-1,4,-1,4,-1,4,-1,4,96,101,96,101
1788228843,19.29,19.33,19.29,19.33,0,0,0,0,0,0,0,0,19.218802863312995,19.115382955197113,19.1,19.33,59.62907089551447,61.479061625957165,59.62907089551447,61.479061625957165,46.40627369218321,40.34993854774589,46.40627369218321,40.34993854774589,96,101,96,101,-1,4,-1,4,-1,4,-1,4,96,101,96,101
1788228915,19.34,19.37,19.330000000000002,19.37,0,0,0,0,0,0,0,0,19.2438690093773,19.117783788147058,19.1,19.37,61.88245658785165,61.536689477656374,61.88245658785165,61.536689477656374,53.3217795668449,46.835859057295394,53.3217795668449,46.835859057295394,96,101,96,101,-1,4,-1,4,-1,4,-1,4,96,101,96,101
1788228963,19.38,19.41,19.37,19.37,0,0,0,0,0,0,0,0,19.269226159187486,19.120426072178763,19.1,19.41,63.683479273972864,61.843373734273015,63.683479273972864,61.843373734273015,58.60760829231878,52.72173367480708,58.60760829231878,52.72173367480708,96,101,96,101,-1,4,-1,4,-1,4,-1,4,96,101,96,101
1788229029,19.36,19.38,19.34,19.38,0,0,0,0,0,0,0,0,19.28694261509279,19.122876227347795,19.1,19.41,65.58627222905771,62.37807351924226,65.58627222905771,62.37807351924226,62.58532323673415,57.65352845577061,62.58532323673415,57.65352845577061,96,101,96,101,-1,4,-1,4,-1,4,-1,4,96,101,96,101
1788229131,19.39,19.42,19.380000000000003,19.380000000000003,0,0,0,0,0,0,0,0,19.306286382045617,19.125567342830237,19.1,19.42,67.15153849841076,63.059997087694896,67.15153849841076,63.059997087694896,66.59099134577208,62.12225990077135,66.59099134577208,62.12225990077135,96,101,96,101,-1,4,-1,4,-1,4,-1,4,96,101,96,101
1788229158,19.37,19.4,19.36,19.4,0,0,0,0,0,0,0,0,19.320900979249444,19.12816534605249,19.1,19.42,69.05142860566707,63.91591587597663,69.05142860566707,63.91591587597663,69.84584972494756,65.98405481285945,69.84584972494756,65.98405481285945,96,101,96,101,-1,4,-1,4,-1,4,-1,4,96,101,96,101
1788229200,19.41,19.41,19.37,19.37,0,0,0,0,0,0,0,0,19.332252316355607,19.13070433100056,19.1,19.42,70.14596941954798,64.80592352505825,70.14596941954798,64.80592352505825,72.63572833566938,69.30989157426441,72.63572833566938,69.30989157426441,96,101,96,101,-1,4,-1,4,-1,4,-1,4,96,101,96,101
1788229251,19.36,19.39,19.35,19.35,0,0,0,0,0,0,0,0,19.337903410351558,19.13301904744168,19.1,19.42,70.71590017529455,65.65020590366343,70.71590017529455,65.65020590366343,73.86633857343081,71.5881150738476,73.86633857343081,71.5881150738476,96,101,96,101,-1,4,-1,4,-1,4,-1,4,96,101,96,101
1788229359,19.34,19.34,19.3,19.3,0,0,0,0,0,0,0,0,19.33343612362097,19.134813219440602,19.1,19.42,70.1290501627735,66.29004079782202,70.1290501627735,66.29004079782202,72.95686163436915,72.27248835410838,72.95686163436915,72.27248835410838,96,101,96,101,-1,4,-1,4,-1,4,-1,4,96,101,96,101
1788229425,19.29,19.3,19.26,19.26,0,0,0,0,0,0,0,0,19.322508343568675,19.136191529031574,19.1,19.42,68.69126086543254,66.63307223605209,68.69126086543254,66.63307223605209,70.30230997231638,71.28739916321237,70.30230997231638,71.28739916321237,96,101,96,101,-1,4,-1,4,-1,4,-1,4,96,101,96,101
1788229551,19.25,19.25,19.21,19.21,0,0,0,0,0,0,0,0,19.304476523525885,19.13705861166144,19.1,19.42,66.24009937504448,66.57693325590813,66.24009937504448,66.57693325590813,65.88412283341393,68.58576099831315,65.88412283341393,68.58576099831315,96,101,96,101,-1,4,-1,4,-1,4,-1,4,96,101,96,101
1788229740,19.2,19.21,19.17,19.17,0,0,0,0,0,0,0,0,19.282450488945422,19.1375190566532,19.12,19.42,63.071163705398455,66.07610903440676,63.071163705398455,66.07610903440676,60.22210528578334,64.40393314204825,60.22210528578334,64.40393314204825,96,101,96,101,-1,4,-1,4,-1,4,-1,4,96,101,96,101
1788229902,19.16,19.17,19.130000000000003,19.130000000000003,0,0,0,0,0,0,0,0,19.257156460652315,19.137576910152504,19.12,19.42,59.23572344072716,65.09891109245252,59.23572344072716,65.09891109245252,53.58323310209987,58.99358312207406,53.58323310209987,58.99358312207406,96,101,96,101,-1,4,-1,4,-1,4,-1,4,96,101,96,101
1788230229,19.12,19.14,19.1,19.1,0,0,0,0,0,0,0,0,19.231006801139774,19.137335680532413,19.1,19.42,55.00460033781808,63.65686669893332,55.00460033781808,63.65686669893332,46.46419980179991,52.72889146193698,46.46419980179991,52.72889146193698,96,101,96,101,-1,4,-1,4,-1,4,-1,4,96,101,96,101
1788230634,19.09,19.12,19.080000000000002,19.080000000000002,0,0,0,0,0,0,0,0,19.205975261538605,19.136897846231925,19.080000000000002,19.42,51.07570031368822,61.85955721532688,51.07570031368822,61.85955721532688,40.246625040198154,46.48775825106757,40.246625040198154,46.48775825106757,96,101,96,101,-1,4,-1,4,-1,4,-1,4,96,101,96,101
1788230814,19.07,19.11,19.07,19.11,0,0,0,0,0,0,0,0,19.18610097156189,19.136497535987495,19.07,19.42,48.24376253617986,59.914443689734455,48.24376253617986,59.914443689734455,35.47669901404743,40.9822286325575,35.47669901404743,40.9822286325575,96,101,96,101,-1,4,-1,4,-1,4,-1,4,96,101,96,101
1788230922,19.12,19.13,19.09,19.13,0,0,0,0,0,0,0,0,19.17347655249003,19.1363002139047,19.07,19.42,46.02226929379963,57.92984734745805,46.02226929379963,57.92984734745805,32.44941548142843,36.71582205699296,32.44941548142843,36.71582205699296,96,101,96,101,-1,4,-1,4,-1,4,-1,4,96,101,96,101
1788231054,19.14,19.150000000000002,19.110000000000003,19.110000000000003,0,0,0,0,0,0,0,0,19.164359603552448,19.136171190217425,19.07,19.42,43.551290874854814,55.87576785137187,43.551290874854814,55.87576785137187,30.017866331020365,33.36684419400666,30.017866331020365,33.36684419400666,96,101,96,101,-1,4,-1,4,-1,4,-1,4,96,101,96,101
1788231318,19.1,19.14,19.1,19.14,0,0,0,0,0,0,0,0,19.15750634230049,19.136076617843784,19.07,19.42,41.86905581236518,53.874808988656625,41.86905581236518,53.874808988656625,27.933681344956305,30.650262769481483,27.933681344956305,30.650262769481483,96,101,96,101,-1,4,-1,4,-1,4,-1,4,96,101,96,101
1788231471,19.150000000000002,19.169999999999998,19.13,19.169999999999998,0,0,0,0,0,0,0,0,19.15735367400343,19.136281493951476,19.07,19.42,40.91922529515538,52.02401131815645,40.91922529515538,52.02401131815645,27.53499217322773,29.092627471354607,27.53499217322773,29.092627471354607,96,101,96,101,-1,4,-1,4,-1,4,-1,4,96,101,96,101
1788231606,19.18,19.19,19.150000000000002,19.19,0,0,0,0,0,0,0,0,19.16086512721493,19.136683336466053,19.07,19.42,40.44540308019531,50.36992442701914,40.44540308019531,50.36992442701914,28.09121778113393,28.59192262624427,28.09121778113393,28.59192262624427,96,101,96,101,-1,4,-1,4,-1,4,-1,4,96,101,96,101
1788231780,19.2,19.21,19.17,19.17,0,0,0,0,0,0,0,0,19.164950255600093,19.137147515539358,19.07,19.42,39.597262043854855,48.83097265799567,39.597262043854855,48.83097265799567,28.731247894033178,28.66158526013872,28.731247894033178,28.66158526013872,96,101,96,101,-1,4,-1,4,-1,4,-1,4,96,101,96,101
1788232116,19.16,19.2,19.16,19.16,0,0,0,0,0,0,0,0,19.16647445155159,19.137507573427854,19.07,19.42,38.60562087745705,47.37020811791872,38.60562087745705,47.37020811791872,28.626783909171237,28.64418458465498,28.626783909171237,28.64418458465498,96,101,96,101,-1,4,-1,4,-1,4,-1,4,96,101,96,101
1788232665,19.150000000000002,19.16,19.12,19.16,0,0,0,0,0,0,0,0,19.16287303611797,19.13759870868396,19.07,19.42,37.6848112229448,45.98657999006531,37.6848112229448,45.98657999006531,27.802549473167247,28.223367028911113,27.802549473167247,28.223367028911113,96,101,96,101,-1,4,-1,4,-1,4,-1,4,96,101,96,101
1788233133,19.17,19.19,19.150000000000002,19.19,0,0,0,0,0,0,0,0,19.165380968945005,19.137987444584287,19.07,19.41,37.4420185845712,44.765928360709005,37.4420185845712,44.765928360709005,28.238919956592483,28.231143492751798,28.238919956592483,28.231143492751798,96,101,96,101,-1,4,-1,4,-1,4,-1,4,96,101,96,101
1788233298,19.2,19.2,19.16,19.16,0,0,0,0,0,0,0,0,19.166826853379245,19.138339144969848,19.07,19.41,36.6043233795508,43.59998479197212,36.6043233795508,43.59998479197212,28.53131914646693,28.381231319609363,28.53131914646693,28.381231319609363,96,101,96,101,-1,4,-1,4,-1,4,-1,4,96,101,96,101
1788238809,19.150000000000002,19.150000000000002,19.110000000000003,19.110000000000003,0,0,0,0,0,0,0,0,19.158918940643623,19.138189833411275,19.07,19.39,34.80605538305232,42.34370916212642,34.80605538305232,42.34370916212642,26.741130696971684,27.561181008290525,26.741130696971684,27.561181008290525,96,101,96,101,-1,4,-1,4,-1,4,-1,4,96,101,96,101
1788238824,19.1,19.13,19.09,19.13,0,0,0,0,0,0,0,0,19.15123670901145,19.137975672548144,19.07,19.34,33.54439836589549,41.08666476266486,33.54439836589549,41.08666476266486,24.798520189241145,26.179850598765835,24.798520189241145,26.179850598765835,96,101,96,101,-1,4,-1,4,-1,4,-1,4,96,101,96,101
1788238935,19.150000000000002,19.169999999999998,19.13,19.169999999999998,0,0,0,0,0,0,0,0,19.15222397403967,19.138161652589126,19.07,19.3,33.189186237719234,39.958453544815484,33.189186237719234,39.958453544815484,24.847711182614738,25.513780890690285,24.847711182614738,25.513780890690285,96,101,96,101,-1,4,-1,4,-1,4,-1,4,96,101,96,101
1788239175,19.19,19.19,19.150000000000002,19.150000000000002,0,0,0,0,0,0,0,0,19.15424385754761,19.138412117074143,19.07,19.25,32.45118313910667,38.88598634399994,32.45118313910667,38.88598634399994,25.216405503465825,25.365093197078053,25.216405503465825,25.365093197078053,96,101,96,101,-1,4,-1,4,-1,4,-1,4,96,101,96,101
1788239274,19.14,19.17,19.130000000000003,19.130000000000003,0,0,0,0,0,0,0,0,19.152260125872285,19.138461084400106,19.07,19.21,31.357731282231747,37.810521335175906,31.357731282231747,37.810521335175906,24.471204717256423,24.91814895716724,24.471204717256423,24.91814895716724,96,101,96,101,-1,4,-1,4,-1,4,-1,4,96,101,96,101
1788239832,19.12,19.14,19.1,19.1,0,0,0,0,0,0,0,0,19.14518252722884,19.138211057026307,19.07,19.21,29.73013823146011,36.65618089178793,29.73013823146011,36.65618089178793,22.689604043362706,23.803876500264973,22.689604043362706,23.803876500264973,96,101,96,101,-1,4,-1,4,-1,4,-1,4,96,101,96,101
1788240405,19.09,19.12,19.080000000000002,19.12,0,0,0,0,0,0,1,0,19.138179643490265,19.137897182495365,19.07,19.21,28.62696509247828,35.509150063315126,28.62696509247828,35.509150063315126,20.917619792270123,22.360748146267547,20.917619792270123,22.360748146267547,96,101,96,101,-1,4,-1,4,-1,4,-1,4,96,101,96,101
1788240933,19.13,19.14,19.1,19.14,0,0,0,0,0,0,0,0,19.136086374976884,19.13778543606921,19.07,19.21,28.010753300158402,34.437950525721305,28.010753300158402,34.437950525721305,20.37836798521121,21.369558065739376,20.37836798521121,21.369558065739376,96,101,96,101,-1,4,-1,4,-1,4,-1,4,96,101,96,101
1788241152,19.150000000000002,19.17,19.130000000000003,19.130000000000003,0,0,0,0,0,0,0,0,19.137404003768967,19.13784063902706,19.07,19.21,27.234475003208356,33.40888259393374,27.234475003208356,33.40888259393374,20.405948068956647,20.88775306734801,20.405948068956647,20.88775306734801,96,101,96,101,-1,4,-1,4,-1,4,-1,4,96,101,96,101
1788241284,19.12,19.150000000000002,19.110000000000003,19.110000000000003,0,0,0,0,0,0,0,0,19.134845700053397,19.137696287726627,19.080000000000002,19.21,26.105481890734342,32.36553963633383,26.105481890734342,32.36553963633383,19.531628957064903,20.209691012206456,19.531628957064903,20.209691012206456,96,101,96,101,-1,4,-1,4,-1,4,-1,4,96,101,96,101
1788241905,19.1,19.11,19.07,19.07,0,0,0,0,0,0,0,0,19.125479815195202,19.13715536280729,19.07,19.21,24.240804612824746,31.204863204403956,24.240804612824746,31.204863204403956,17.31282482034117,18.761257916273813,17.31282482034117,18.761257916273813,96,101,96,101,-1,4,-1,4,-1,4,-1,4,96,101,96,101
1788242595,19.06,19.07,19.03,19.03,0,0,0,0,0,0,0,0,19.110544091220316,19.136221810275213,19.03,19.21,22.509318569051548,29.962642542210755,22.509318569051548,29.962642542210755,15.352384644541491,17.056821280407654,15.352384644541491,17.056821280407654,96,101,96,101,-1,4,-1,4,-1,4,-1,4,96,101,96,101
1788243006,19.02,19.03,18.990000000000002,18.990000000000002,0,0,0,0,0,0,0,0,19.091051226149954,19.134899536872805,18.990000000000002,19.21,20.90151009983358,28.668195050442588,20.90151009983358,28.668195050442588,13.635377314368757,15.346099297388205,13.635377314368757,15.346099297388205,96,101,96,101,-1,4,-1,4,-1,4,-1,4,96,101,96,101
1788243726,18.98,19.02,18.98,19.02,0,0,0,0,0,0,0,0,19.075708578971174,19.13362358791553,18.98,19.21,20.057895742053244,27.43815229210125,20.057895742053244,27.43815229210125,12.484808462149996,13.9154538797691,12.484808462149996,13.9154538797691,96,101,96,101,-1,4,-1,4,-1,4,-1,4,96,101,96,101
1788244023,19.03,19.06,19.02,19.06,0,0,0,0,0,0,1,0,19.070428231279447,19.132758344918027,18.98,19.21,19.92389020203642,26.36468627923485,19.92389020203642,26.36468627923485,13.000915964072782,13.45818492192094,13.000915964072782,13.45818492192094,96,101,96,101,-1,4,-1,4,-1,4,-1,4,96,101,96,101
1788244905,19.07,19.080000000000002,19.040000000000003,19.040000000000003,0,0,0,1,0,0,0,0,19.067320068016517,19.131968046295295,18.98,19.2,19.47478116163126,25.380414119577193,19.47478116163126,25.380414119577193,14.080150191427531,13.769167556674237,14.080150191427531,13.769167556674237,96,101,96,101,-1,4,-1,4,-1,4,-1,4,96,101,96,101
1788312600,18.6,18.62,18.580000000000002,18.580000000000002,0,0,0,0,0,0,0,0,18.981140661710484,19.12660849691259,18.580000000000002,19.2,18.083725364371883,24.338030011690716,18.083725364371883,24.338030011690716,12.30679540217599,13.037981479425113,12.30679540217599,13.037981479425113,96,101,96,101,-1,4,-1,4,-1,4,-1,4,96,101,96,101
1788312637,18.56,18.580000000000002,18.540000000000003,18.540000000000003,0,0,0,0,0,0,0,0,18.903357511096456,19.120904266429214,18.540000000000003,19.2,16.792030695488176,23.260030109376064,16.792030695488176,23.260030109376064,10.790130465446634,11.914055972435873,10.790130465446634,11.914055972435873,96,101,96,101,-1,4,-1,4,-1,4,-1,4,96,101,96,101
1788312652,18.53,18.56,18.52,18.52,0,0,0,0,0,0,0,0,18.836080387866797,19.115057789482986,18.52,19.2,15.592599931524735,22.16468294111159,15.592599931524735,22.16468294111159,9.455722593571194,10.684889283003534,9.455722593571194,10.684889283003534,96,101,96,101,-1,4,-1,4,-1,4,-1,4,96,101,96,101
1788312664,18.51,18.55,18.51,18.55,0,0,0,0,0,0,0,0,18.781641529466775,19.109302653932573,18.51,19.19,14.792814536101845,21.111558883253053,14.792814536101845,21.111558883253053,8.594700998571247,9.63979514078739,8.594700998571247,9.63979514078739,96,101,96,101,-1,4,-1,4,-1,4,-1,4,96,101,96,101
1788312694,18.56,18.57,18.53,18.53,0,0,0,0,0,0,0,0,18.738312766533422,19.103671118404222,18.51,19.19,13.893170797651868,20.080360585310025,13.893170797651868,20.080360585310025,8.060764121224313,8.85027963100585,8.060764121224313,8.85027963100585,96,101,96,101,-1,4,-1,4,-1,4,-1,4,96,101,96,101
1788312715,18.52,18.54,18.5,18.54,0,0,0,0,0,0,0,0,18.69983165746674,19.09792978057599,18.5,19.19,13.211360461173621,19.09907485329054,13.211360461173621,19.09907485329054,7.472606671310953,8.161443151158402,7.472606671310953,8.161443151158402,96,101,96,101,-1,4,-1,4,-1,4,-1,4,96,101,96,101
1788312739,18.55,18.55,18.51,18.51,0,0,0,0,0,0,0,0,18.667741053078846,19.092212402991485,18.5,19.19,12.345331608356885,18.13425438972859,12.345331608356885,18.13425438972859,6.928230265550301,7.544836708354351,6.928230265550301,7.544836708354351,96,101,96,101,-1,4,-1,4,-1,4,-1,4,96,101,96,101
1788312763,18.5,18.53,18.490000000000002,18.53,0,0,0,0,0,0,0,0,18.640272982822086,19.086485579744473,18.490000000000002,19.17,11.770741869818329,17.22518117259855,11.770741869818329,17.22518117259855,6.454356100630414,6.999596404492383,6.454356100630414,6.999596404492383,96,101,96,101,-1,4,-1,4,-1,4,-1,4,96,101,96,101
1788312781,18.54,18.57,18.53,18.57,0,0,0,0,0,0,0,0,18.62507183443019,19.0812137497636,18.490000000000002,19.17,11.544413917519464,16.413642993301536,11.544413917519464,16.413642993301536,6.8418290386355745,6.920712721563978,6.8418290386355745,6.920712721563978,96,101,96,101,-1,4,-1,4,-1,4,-1,4,96,101,96,101
1788312886,18.580000000000002,18.59,18.55,18.55,0,0,0,0,0,0,0,0,18.61384665241258,19.076060710794142,18.490000000000002,19.17,11.18064241649848,15.666071482329672,11.18064241649848,15.666071482329672,7.332678858512996,7.126695790038488,7.332678858512996,7.126695790038488,96,101,96,101,-1,4,-1,4,-1,4,-1,4,96,101,96,101
1788312919,18.54,18.55,18.51,18.55,0,0,0,0,0,0,0,0,18.599813927731503,19.07069360587745,18.490000000000002,19.17,10.842854594121851,14.977040498299983,10.842854594121851,14.977040498299983,7.277216799360362,7.201956294699425,7.277216799360362,7.201956294699425,96,101,96,101,-1,4,-1,4,-1,4,-1,4,96,101,96,101
1788312979,18.57,18.580000000000002,18.540000000000003,18.540000000000003,0,0,0,0,0,0,0,0,18.5913629105682,19.06554574246905,18.490000000000002,19.17,10.452389557828976,14.330661792518411,10.452389557828976,14.330661792518411,7.5074556692930114,7.354705981996219,7.5074556692930114,7.354705981996219,96,101,96,101,-1,4,-1,4,-1,4,-1,4,96,101,96,101
1788312985,18.53,18.55,18.51,18.51,0,0,0,0,0,0,0,0,18.5789938965255,19.060150594119442,18.490000000000002,19.150000000000002,9.859400134727517,13.691910127119712,9.859400134727517,13.691910127119712,7.069882637171789,7.212294309584004,7.069882637171789,7.212294309584004,96,101,96,101,-1,4,-1,4,-1,4,-1,4,96,101,96,101
1788313003,18.5,18.52,18.48,18.52,0,0,0,0,0,0,0,0,18.565843491096622,19.05464329135872,18.48,19.11,9.459108635742414,13.087224199780097,9.459108635742414,13.087224199780097,6.615454958845706,6.913874634214855,6.615454958845706,6.913874634214855,96,101,96,101,-1,4,-1,4,-1,4,-1,4,96,101,96,101
1788313153,18.53,18.56,18.52,18.52,0,0,0,0,0,0,0,0,18.559932553321477,19.04945612759727,18.48,19.080000000000002,9.087409386684817,12.515822083623629,9.087409386684817,12.515822083623629,6.662453456788327,6.788164045501591,6.662453456788327,6.788164045501591,96,101,96,101,-1,4,-1,4,-1,4,-1,4,96,101,96,101
1788313273,18.51,18.54,18.5,18.54,0,0,0,0,0,0,0,0,18.55388421029333,19.04425424241388,18.48,19.080000000000002,8.894235767879051,11.998452609945831,8.894235767879051,11.998452609945831,6.623372804231324,6.7057684248664575,6.623372804231324,6.7057684248664575,96,101,96,101,-1,4,-1,4,-1,4,-1,4,96,101,96,101
1788313321,18.55,18.55,18.51,18.51,0,0,0,0,0,0,0,0,18.548329505391514,19.039070949786215,18.48,19.080000000000002,8.486896738866422,11.496801771220202,8.486896738866422,11.496801771220202,6.589875102039607,6.647821763453033,6.589875102039607,6.647821763453033,96,101,96,101,-1,4,-1,4,-1,4,-1,4,96,101,96,101
1788313435,18.5,18.51,18.470000000000002,18.470000000000002,0,0,0,0,0,0,0,0,18.536512019562753,19.03354122225932,18.470000000000002,19.080000000000002,7.880689828947392,10.980214350895514,7.880689828947392,10.980214350895514,5.926242150954572,6.287031957203802,5.926242150954572,6.287031957203802,96,101,96,101,-1,4,-1,4,-1,4,-1,4,96,101,96,101
1788313486,18.46,18.47,18.43,18.43,0,0,0,0,0,0,0,0,18.519570440248312,19.027668506946622,18.43,19.080000000000002,7.317783412594006,10.457009931138156,7.317783412594006,10.457009931138156,5.342794024126462,5.814912990665132,5.342794024126462,5.814912990665132,96,101,96,101,-1,4,-1,4,-1,4,-1,4,96,101,96,101
1788313576,18.42,18.419999999999998,18.38,18.419999999999998,0,0,0,0,0,0,0,0,18.499042481415287,19.021489384157768,18.38,18.62,7.069809872133988,9.973124208423275,7.069809872133988,9.973124208423275,5.1439116326727685,5.47941231166895,5.1439116326727685,5.47941231166895,96,101,96,101,-1,4,-1,4,-1,4,-1,4,96,101,96,101
1788313669,18.44,18.44,18.400000000000002,18.400000000000002,0,0,0,0,0,0,0,0,18.483458999945842,19.015438080169464,18.38,18.59,6.702186090058505,9.505847334371166,6.702186090058505,9.505847334371166,5.043987748640236,5.261700030154593,5.043987748640236,5.261700030154593,96,101,96,101,-1,4,-1,4,-1,4,-1,4,96,101,96,101
1788313834,18.39,18.41,18.37,18.37,0,0,0,0,0,0,0,0,18.465254333289025,19.009148480698457,18.37,18.59,6.223458512197183,9.036934645489168,6.223458512197183,9.036934645489168,4.537703784548781,4.899701907351687,4.537703784548781,4.899701907351687,96,101,96,101,-1,4,-1,4,-1,4,-1,4,96,101,96,101
1788313951,18.36,18.38,18.34,18.38,0,0,0,0,0,0,0,0,18.44732930299405,19.002755626827494,18.34,18.59,6.0459484582551895,8.609650904455743,6.0459484582551895,8.609650904455743,4.371388097599509,4.635545002475599,4.371388097599509,4.635545002475599,96,101,96,101,-1,4,-1,4,-1,4,-1,4,96,101,96,101
1788314080,18.39,18.39,18.35,18.35,0,0,0,0,0,0,0,0,18.432057308510284,18.996393215946956,18.34,18.59,5.680850671183569,8.191250871131148,5.680850671183569,8.191250871131148,4.194408386582707,4.4149766945291535,4.194408386582707,4.4149766945291535,96,101,96,101,-1,4,-1,4,-1,4,-1,4,96,101,96,101
1788314140,18.34,18.38,18.34,18.34,0,0,0,0,0,0,0,0,18.41774385847811,18.989994610149804,18.34,18.59,5.275075623241885,7.774654407146968,5.275075623241885,7.774654407146968,3.7329008201690446,4.073938757349099,3.7329008201690446,4.073938757349099,96,101,96,101,-1,4,-1,4,-1,4,-1,4,96,101,96,101
1788314302,18.330000000000002,18.330000000000002,18.290000000000003,18.290000000000003,0,0,0,0,0,0,0,0,18.396941944815424,18.98316215963422,18.290000000000003,18.59,4.898284507296036,7.363744421453977,4.898284507296036,7.363744421453977,3.4593695341708988,3.7666541457599987,3.4593695341708988,3.7666541457599987,96,101,96,101,-1,4,-1,4,-1,4,-1,4,96,101,96,101
1788314416,18.28,18.29,18.25,18.25,0,0,0,0,0,0,0,0,18.3726494700005,18.97599968375063,18.25,18.59,4.548407042489176,6.9615533673161485,4.548407042489176,6.9615533673161485,3.1873961086544105,3.4770251272072046,3.1873961086544105,3.4770251272072046,96,101,96,101,-1,4,-1,4,-1,4,-1,4,96,101,96,101
1788314485,18.240000000000002,18.28,18.240000000000002,18.28,0,0,0,0,0,0,1,0,18.35337986939435,18.968941643779644,18.240000000000002,18.59,4.5064062565687975,6.610818065780812,4.5064062565687975,6.610818065780812,3.126142477368821,3.301583802288013,3.126142477368821,3.301583802288013,96,101,96,101,-1,4,-1,4,-1,4,-1,4,96,101,96,101
1788314536,18.29,18.29,18.25,18.25,0,0,0,0,0,0,0,0,18.33700777192871,18.961920665566247,18.240000000000002,18.59,4.2581577978889795,6.274723741796264,4.2581577978889795,6.274723741796264,3.1217275656357963,3.2116556839619044,3.1217275656357963,3.2116556839619044,96,101,96,101,-1,4,-1,4,-1,4,-1,4,96,101,96,101
1788314680,18.240000000000002,18.27,18.23,18.27,0,0,0,0,0,0,0,0,18.322400298244702,18.95490321284088,18.23,18.580000000000002,4.245548858972705,5.984841615678612,4.245548858972705,5.984841615678612,3.1127412747466447,3.1621984793542746,3.1127412747466447,3.1621984793542746,96,101,96,101,-1,4,-1,4,-1,4,-1,4,96,101,96,101
1788315208,18.28,18.31,18.27,18.31,0,0,0,0,0,0,0,0,18.317721456139605,18.94835359546601,18.23,18.580000000000002,4.525385748054817,5.776347920303785,4.525385748054817,5.776347920303785,3.7773076472618103,3.4697530633080422,3.7773076472618103,3.4697530633080422,96,101,96,101,-1,4,-1,4,-1,4,-1,4,96,101,96,101
1788315388,18.32,18.33,18.29,18.33,0,0,0,0,0,0,0,0,18.317529676235434,18.942068153388405,18.23,18.56,4.931006882668962,5.655584914927381,4.931006882668962,5.655584914927381,4.750297311098354,4.110025187203198,4.750297311098354,4.110025187203198,96,101,96,101,-1,4,-1,4,-1,4,-1,4,96,101,96,101
1788315619,18.34,18.34,18.3,18.3,0,0,0,0,0,0,0,0,18.316766704798688,18.93581208552716,18.23,18.56,5.088996186968119,5.574643668076058,5.088996186968119,5.574643668076058,5.517061560773351,4.813543373988274,5.517061560773351,4.813543373988274,96,101,96,101,-1,4,-1,4,-1,4,-1,4,96,101,96,101
1788315736,18.29,18.330000000000002,18.290000000000003,18.290000000000003,0,0,0,0,0,0,0,0,18.31432427362317,18.92951876460981,18.23,18.56,5.162814243584116,5.515810893148638,5.162814243584116,5.515810893148638,7.219752400076839,6.016647887032557,7.219752400076839,6.016647887032557,96,101,96,101,-1,4,-1,4,-1,4,-1,4,96,101,96,101
1788316213,18.27,18.29,18.25,18.29,0,0,0,0,0,0,1,0,18.307477435994716,18.923022723834258,18.23,18.55,5.231359581870372,5.475174991537457,5.231359581870372,5.475174991537457,8.0931211048277,7.0548844959301285,8.0931211048277,7.0548844959301285,96,101,96,101,-1,4,-1,4,-1,4,-1,4,96,101,96,101
1788316450,18.3,18.32,18.28,18.32,0,0,0,0,0,0,0,0,18.307330023389618,18.916889827743038,18.23,18.55,5.513667716693042,5.4806739522739685,5.513667716693042,5.4806739522739685,10.032199042233248,8.543541769081688,10.032199042233248,8.543541769081688,96,101,96,101,-1,4,-1,4,-1,4,-1,4,96,101,96,101
1788316555,18.330000000000002,18.36,18.32,18.36,0,0,0,0,0,0,0,0,18.31448214034908,18.91121596544377,18.23,18.51,6.06735617424703,5.56448569827012,6.06735617424703,5.56448569827012,13.202202353660239,10.872872061370963,13.202202353660239,10.872872061370963,96,101,96,101,-1,4,-1,4,-1,4,-1,4,96,101,96,101
1788316813,18.37,18.39,18.35,18.39,0,0,0,0,0,0,0,0,18.32578841786137,18.905897066948476,18.23,18.47,6.800154348389737,5.741009791144352,6.800154348389737,5.741009791144352,17.189189319010502,14.031030690190732,17.189189319010502,14.031030690190732,96,101,96,101,-1,4,-1,4,-1,4,-1,4,96,101,96,101
1788317041,18.400000000000002,18.42,18.380000000000003,18.380000000000003,0,0,0,1,0,0,0,0,18.338069311583546,18.900796930295588,18.23,18.44,7.407723498431885,5.979111749328285,7.407723498431885,5.979111749328285,21.162162273437687,17.59659648181421,21.162162273437687,17.59659648181421,96,101,96,101,-1,4,-1,4,-1,4,-1,4,96,101,96,101
1788317296,18.36,18.39,18.35,18.35,0,0,0,0,0,0,0,0,18.342662770083507,18.8954490338084,18.23,18.44,7.7622528214452275,6.2338461882021345,7.7622528214452275,6.2338461882021345,23.297726393105286,20.447161437459748,23.297726393105286,20.447161437459748,96,101,96,101,-1,4,-1,4,-1,4,-1,4,96,101,96,101
1788317389,18.34,18.37,18.330000000000002,18.330000000000002,0,0,0,0,0,0,0,0,18.342784690674385,18.88995534524646,18.23,18.42,7.9441832163788275,6.478180049370232,7.9441832163788275,6.478180049370232,24.334559130598166,22.390860284028957,24.334559130598166,22.390860284028957,96,101,96,101,-1,4,-1,4,-1,4,-1,4,96,101,96,101
1788317473,18.32,18.330000000000002,18.290000000000003,18.290000000000003,0,0,0,1,0,0,0,0,18.335611716612377,18.88411831030205,18.23,18.42,7.818567773088163,6.669664009901366,7.818567773088163,6.669664009901366,23.79470147702072,23.09278088052484,23.79470147702072,23.09278088052484,96,101,96,101,-1,4,-1,4,-1,4,-1,4,96,101,96,101
1788317920,18.28,18.31,18.27,18.31,0,0,0,0,0,0,1,0,18.32853079844043,18.87827302031563,18.23,18.42,7.8492002664684515,6.838169189410949,7.8492002664684515,6.838169189410949,23.014506027922483,23.05364345422366,23.014506027922483,23.05364345422366,96,101,96,101,-1,4,-1,4,-1,4,-1,4,96,101,96,101
1788318733,18.32,18.34,18.3,18.34,0,0,0,0,0,0,0,0,18.328191865390654,18.87278439988131,18.23,18.42,8.106995485530224,7.01943008885656,8.106995485530224,7.01943008885656,23.72671945250478,23.39018145336422,23.72671945250478,23.39018145336422,96,101,96,101,-1,4,-1,4,-1,4,-1,4,96,101,96,101
1788319084,18.35,18.37,18.330000000000002,18.37,0,0,0,0,0,0,0,0,18.333369101986293,18.86764890004833,18.23,18.42,8.569591046087591,7.240881654175278,8.569591046087591,7.240881654175278,25.56167789806516,24.47592967571469,25.56167789806516,24.47592967571469,96,101,96,101,-1,4,-1,4,-1,4,-1,4,96,101,96,101
1788319510,18.38,18.38,18.34,18.34,0,0,0,0,0,0,0,0,18.33699896223121,18.86253133222032,18.23,18.42,8.775929780890854,7.460174243706075,8.775929780890854,7.460174243706075,27.36455508145853,25.920242378586607,27.36455508145853,25.920242378586607,96,101,96,101,-1,4,-1,4,-1,4,-1,4,96,101,96,101
1788325219,18.32,18.35,18.310000000000002,18.310000000000002,0,0,0,0,0,0,0,0,18.334514302431597,18.85716617800254,18.23,18.42,8.744315748922473,7.643623030165561,8.744315748922473,7.643623030165561,27.351436823068365,26.635839600827488,27.351436823068365,26.635839600827488,96,101,96,101,-1,4,-1,4,-1,4,-1,4,96,101,96,101
1788325279,18.3,18.34,18.3,18.34,0,0,0,0,0,0,0,0,18.333087459565245,18.851887575899696,18.23,18.42,8.955588028254752,7.831046601321161,8.955588028254752,7.831046601321161,27.51335277475116,27.074596187789325,27.51335277475116,27.074596187789325,96,101,96,101,-1,4,-1,4,-1,4,-1,4,96,101,96,101
1788325330,18.35,18.349999999999998,18.31,18.349999999999998,0,0,0,0,0,0,0,0,18.333738224492777,18.84676099968842,18.23,18.42,9.227757272437143,8.030576697194872,9.227757272437143,8.030576697194872,28.582873806929644,27.828734997359483,28.582873806929644,27.828734997359483,96,101,96,101,-1,4,-1,4,-1,4,-1,4,96,101,96,101
1788325438,18.36,18.36,18.32,18.32,0,0,0,0,0,0,0,0,18.333664607918333,18.841652266689863,18.25,18.42,9.252522330484945,8.205140359093454,9.252522330484945,8.205140359093454,29.231748977368177,28.53024198736383,29.231748977368177,28.53024198736383,96,101,96,101,-1,4,-1,4,-1,4,-1,4,96,101,96,101
1788325474,18.31,18.349999999999998,18.31,18.349999999999998,0,0,0,0,0,0,0,0,18.334210436781667,18.836627534351322,18.25,18.42,9.503481981650893,8.390617733744516,9.503481981650893,8.390617733744516,30.36190728672368,29.446074637043758,30.36190728672368,29.446074637043758,96,101,96,101,-1,4,-1,4,-1,4,-1,4,96,101,96,101
1788325477,18.36,18.36,18.32,18.32,0,0,0,0,0,0,0,0,18.334050963427426,18.83161963185363,18.25,18.42,9.508552417611996,8.550322688582728,9.508552417611996,8.550322688582728,32.33401576957261,30.890045203308183,32.33401576957261,30.890045203308183,96,101,96,101,-1,4,-1,4,-1,4,-1,4,96,101,96,101
1788325504,18.31,18.35,18.310000000000002,18.310000000000002,0,0,0,0,0,0,0,0,18.33210230341032,18.826562056743978,18.25,18.42,9.450488114490655,8.678917749426718,9.450488114490655,8.678917749426718,33.701265217456836,32.295655210382506,33.701265217456836,32.295655210382506,96,101,96,101,-1,4,-1,4,-1,4,-1,4,96,101,96,101
1788325624,18.3,18.34,18.3,18.34,0,0,0,0,0,0,0,0,18.331114005820567,18.82158797326062,18.25,18.42,9.668310392027035,8.820259555512479,9.668310392027035,8.820259555512479,35.28135658094921,33.78850589566586,35.28135658094921,33.78850589566586,96,101,96,101,-1,4,-1,4,-1,4,-1,4,96,101,96,101
1788325645,18.35,18.35,18.310000000000002,18.310000000000002,0,0,0,0,0,0,0,0,18.329699338095615,18.816630215649404,18.27,18.42,9.649985700159572,8.938791861890635,9.649985700159572,8.938791861890635,37.45920789645266,35.62385689605926,37.45920789645266,35.62385689605926,96,101,96,101,-1,4,-1,4,-1,4,-1,4,96,101,96,101
1788325648,18.3,18.34,18.3,18.34,0,0,0,0,0,0,0,0,18.32914794329035,18.811754956455545,18.27,18.42,9.885070755190185,9.073974560933427,9.885070755190185,9.073974560933427,39.17556165560582,37.399709275832535,39.17556165560582,37.399709275832535,96,101,96,101,-1,4,-1,4,-1,4,-1,4,96,101,96,101
1788325678,18.35,18.35,18.310000000000002,18.310000000000002,0,0,0,0,0,0,0,0,18.328090741479986,18.80689503980756,18.27,18.42,9.85126318023964,9.185015792262886,9.85126318023964,9.185015792262886,40.79709796044404,39.09840361813829,40.79709796044404,39.09840361813829,96,101,96,101,-1,4,-1,4,-1,4,-1,4,96,101,96,101
1788325792,18.3,18.34,18.3,18.3,0,0,0,0,0,0,0,0,18.325407576362412,18.8019839780516,18.27,18.42,9.735836818625884,9.263704510314742,9.735836818625884,9.263704510314742,40.83360276308729,39.966003190612795,40.83360276308729,39.966003190612795,96,101,96,101,-1,4,-1,4,-1,4,-1,4,96,101,96,101
1788326035,18.29,18.33,18.29,18.33,0,0,0,0,0,0,0,0,18.323818320054094,18.79715495007762,18.27,18.39,9.880756037463511,9.351854728478852,9.880756037463511,9.351854728478852,41.31602041347325,40.641011802043025,41.31602041347325,40.641011802043025,96,101,96,101,-1,4,-1,4,-1,4,-1,4,96,101,96,101
1788326098,18.34,18.37,18.330000000000002,18.37,0,0,0,0,0,0,0,0,18.329790746710927,18.79277198208348,18.27,18.38,11.739090313175833,9.692888383435562,11.739090313175833,9.692888383435562,44.88741599350341,42.76421389777322,44.88741599350341,42.76421389777322,96,101,96,101,-1,4,-1,4,-1,4,-1,4,96,101,96,101
1788326269,18.38,18.41,18.37,18.41,0,0,0,0,0,0,0,0,18.341950004884698,18.788830635661423,18.27,18.41,14.472012433663272,10.37562039061095,14.472012433663272,10.37562039061095,50.95613100195023,46.86017244986172,50.95613100195023,46.86017244986172,96,101,96,101,-1,4,-1,4,-1,4,-1,4,96,101,96,101
1788326398,18.42,18.42,18.380000000000003,18.380000000000003,0,0,0,0,0,0,0,0,18.351292428238995,18.784895339120844,18.27,18.42,16.414487736020703,11.238315725669485,16.414487736020703,11.238315725669485,56.15788672347608,51.5090295866689,56.15788672347608,51.5090295866689,96,101,96,101,-1,4,-1,4,-1,4,-1,4,96,101,96,101
1788326593,18.37,18.4,18.36,18.4,0,0,0,0,0,0,0,0,18.357724107953118,18.780932864768065,18.29,18.42,18.61504019932078,12.29213350761967,18.61504019932078,12.29213350761967,59.86465478553599,55.686842186102446,59.86465478553599,55.686842186102446,96,101,96,101,-1,4,-1,4,-1,4,-1,4,96,101,96,101
1788326722,18.41,18.44,18.400000000000002,18.44,0,0,0,0,0,0,0,0,18.370259118628308,18.777407827971036,18.29,18.44,21.45206113746456,13.600694597597514,21.45206113746456,13.600694597597514,64.5456439515121,60.11624306880728,64.5456439515121,60.11624306880728,96,101,96,101,-1,4,-1,4,-1,4,-1,4,96,101,96,101
1788326839,18.45,18.49,18.45,18.49,0,0,0,0,0,0,0,0,18.38960594554437,18.77441537860482,18.29,18.49,25.078501214947217,15.2403812572189,25.078501214947217,15.2403812572189,68.6581710060581,64.38720703743269,68.6581710060581,64.38720703743269,96,101,96,101,-1,4,-1,4,-1,4,-1,4,96,101,96,101
1788327073,18.5,18.509999999999998,18.47,18.509999999999998,0,0,0,0,0,0,0,0,18.40907153120297,18.771651709829317,18.29,18.509999999999998,28.842735255149364,17.18357468549468,28.842735255149364,17.18357468549468,72.58612459859935,68.48666581801602,72.58612459859935,68.48666581801602,96,101,96,101,-1,4,-1,4,-1,4,-1,4,96,101,96,101
1788327238,18.52,18.52,18.48,18.48,0,0,0,0,0,0,0,1,18.424391858863036,18.768882372749754,18.29,18.52,31.74285734009902,19.263472207581014,31.74285734009902,19.263472207581014,75.23255124324403,71.85960853063003,75.23255124324403,71.85960853063003,96,101,96,101,-1,4,-1,4,-1,4,-1,4,96,101,96,101
1788327502,18.47,18.5,18.46,18.5,0,0,0,0,0,0,0,0,18.43571455119097,18.766074256271317,18.29,18.52,34.83265324437766,21.48764092712339,34.83265324437766,21.48764092712339,76.97181640955314,74.41571247009159,76.97181640955314,74.41571247009159,96,101,96,101,-1,4,-1,4,-1,4,-1,4,96,101,96,101
1788327718,18.51,18.54,18.5,18.54,0,0,0,0,0,0,0,0,18.452251299459277,18.763692091200625,18.29,18.54,38.49540023485861,23.91732082822842,38.49540023485861,23.91732082822842,79.52081618173361,76.9682643259126,79.52081618173361,76.9682643259126,96,101,96,101,-1,4,-1,4,-1,4,-1,4,96,101,96,101
1788327967,18.55,18.59,18.55,18.59,0,0,0,0,0,0,0,0,18.474872275315168,18.761831141702775,18.29,18.59,42.888585932368706,26.62750155739132,42.888585932368706,26.62750155739132,81.73212815577159,79.3501962408421,81.73212815577159,79.3501962408421,96,101,96,101,-1,4,-1,4,-1,4,-1,4,96,101,96,101
1788328006,18.6,18.6,18.560000000000002,18.560000000000002,0,0,0,0,0,0,0,0,18.492774285863923,18.759955541619497,18.29,18.6,46.19577187928447,29.4229687462332,46.19577187928447,29.4229687462332,83.30286309455744,81.32652966769976,83.30286309455744,81.32652966769976,96,101,96,101,-1,4,-1,4,-1,4,-1,4,96,101,96,101
1788328240,18.55,18.55,18.51,18.55,0,0,0,0,0,0,0,0,18.50075471873715,18.75773376176922,18.29,18.6,49.07368006551318,32.230213220416054,49.07368006551318,32.230213220416054,83.17734585594103,82.25193776182039,83.17734585594103,82.25193776182039,96,101,96,101,-1,4,-1,4,-1,4,-1,4,96,101,96,101
1788328597,18.56,18.57,18.53,18.53,0,0,0,0,0,0,0,1,18.508496285027363,18.755600424172844,18.29,18.6,51.3599229951966,34.96302890252756,51.3599229951966,34.96302890252756,83.15633973799271,82.70413874990655,83.15633973799271,82.70413874990655,96,101,96,101,-1,4,-1,4,-1,4,-1,4,96,101,96,101
1788328930,18.52,18.54,18.5,18.5,0,0,0,0,0,0,0,0,18.50937574835572,18.753189806353546,18.29,18.6,52.903712279323464,37.52598367064127,52.903712279323464,37.52598367064127,81.75305310875548,82.22859592933102,81.75305310875548,82.22859592933102,96,101,96,101,-1,4,-1,4,-1,4,-1,4,96,101,96,101
1788329494,18.490000000000002,18.52,18.48,18.52,0,0,0,0,0,0,0,0,18.508883188048618,18.750736839789496,18.29,18.6,54.72333128639879,39.98274761574948,54.72333128639879,39.98274761574948,80.2904957382406,81.25954583378581,80.2904957382406,81.25954583378581,96,101,96,101,-1,4,-1,4,-1,4,-1,4,96,101,96,101
1788329632,18.53,18.54,18.5,18.5,0,0,0,0,0,0,0,0,18.50969230537311,18.74837461584466,18.29,18.6,56.02687712115407,42.27476611652157,56.02687712115407,42.27476611652157,79.38319548126243,80.32137065752411,79.38319548126243,80.32137065752411,96,101,96,101,-1,4,-1,4,-1,4,-1,4,96,101,96,101
1788329785,18.490000000000002,18.490000000000002,18.450000000000003,18.450000000000003,0,0,0,0,0,0,0,0,18.50126340136588,18.74553838417788,18.29,18.6,56.272061573890205,44.27437975328852,56.272061573890205,44.27437975328852,76.15333806228027,78.23735435990218,76.15333806228027,78.23735435990218,96,101,96,101,-1,4,-1,4,-1,4,-1,4,96,101,96,101
1788329959,18.44,18.45,18.41,18.41,0,0,0,1,0,0,0,0,18.487094298087236,18.742332363771467,18.29,18.6,55.72753207923007,45.910544371280174,55.72753207923007,45.910544371280174,71.44940497504204,74.8433796674721,71.44940497504204,74.8433796674721,96,101,96,101,-1,4,-1,4,-1,4,-1,4,96,101,96,101
1788330826,18.400000000000002,18.43,18.39,18.39,0,0,0,0,0,0,0,0,18.471865031768345,18.73895923909049,18.330000000000002,18.6,54.835797162373865,47.18558048429356,54.835797162373865,47.18558048429356,66.31147154542768,70.57742560644989,66.31147154542768,70.57742560644989,96,101,96,101,-1,4,-1,4,-1,4,-1,4,96,101,96,101
1788331348,18.38,18.419999999999998,18.38,18.419999999999998,0,0,0,0,0,0,0,0,18.46001078356804,18.73565284533503,18.36,18.6,54.5869081758722,48.24291301166194,54.5869081758722,48.24291301166194,62.09186040299314,66.33464300472151,62.09186040299314,66.33464300472151,96,101,96,101,-1,4,-1,4,-1,4,-1,4,96,101,96,101
1788331510,18.43,18.43,18.39,18.39,0,0,0,0,0,0,0,0,18.449705792616275,18.732346183524065,18.36,18.6,53.77664639497012,49.03344635213454,53.77664639497012,49.03344635213454,58.56721675095259,62.450929877837055,58.56721675095259,62.450929877837055,96,101,96,101,-1,4,-1,4,-1,4,-1,4,96,101,96,101
1788332032,18.38,18.419999999999998,18.38,18.419999999999998,0,0,0,0,0,0,0,0,18.44188049698907,18.72910559131653,18.36,18.6,53.603411034711584,49.68629844964555,53.603411034711584,49.68629844964555,55.4539277220145,58.95242879992578,55.4539277220145,58.95242879992578,96,101,96,101,-1,4,-1,4,-1,4,-1,4,96,101,96,101
1788332191,18.43,18.46,18.42,18.46,0,0,0,0,0,0,0,0,18.442750709657727,18.726295253757822,18.38,18.6,54.214750400958046,50.333220156975905,54.214750400958046,50.333220156975905,54.720878139607116,56.836653469766446,54.720878139607116,56.836653469766446,96,101,96,101,-1,4,-1,4,-1,4,-1,4,96,101,96,101
1788399000,18.63,18.66,18.62,18.62,0,0,0,0,0,0,0,0,18.477402095780565,18.72537025952474,18.38,18.66,56.82067354507568,51.259999212418734,56.82067354507568,51.259999212418734,60.03102296136218,58.433838215564315,60.03102296136218,58.433838215564315,96,101,96,101,-1,4,-1,4,-1,4,-1,4,96,101,96,101
1788399055,18.61,18.61,18.57,18.57,0,0,0,0,0,0,0,0,18.496662320790158,18.72395695677657,18.38,18.66,58.40989453770316,52.28141283031651,58.40989453770316,52.28141283031651,62.88373396688181,60.658786091223064,62.88373396688181,60.658786091223064,96,101,96,101,-1,4,-1,4,-1,4,-1,4,96,101,96,101
1788399130,18.56,18.59,18.55,18.59,0,0,0,0,0,0,0,0,18.51120856549498,18.7224913817506,18.38,18.66,60.21782565876423,53.415186091523324,60.21782565876423,53.415186091523324,64.94281444265548,62.80080026693927,64.94281444265548,62.80080026693927,96,101,96,101,-1,4,-1,4,-1,4,-1,4,96,101,96,101
1788399178,18.6,18.61,18.57,18.61,0,0,0,0,0,0,0,0,18.526746402071648,18.721239394535836,18.38,18.66,62.22884475622789,54.67428018648112,62.22884475622789,54.67428018648112,67.63438149138814,65.21759087916371,67.63438149138814,65.21759087916371,96,101,96,101,-1,4,-1,4,-1,4,-1,4,96,101,96,101
1788399292,18.62,18.62,18.580000000000002,18.580000000000002,0,0,0,0,0,0,0,0,18.5388531168465,18.719966697409443,18.38,18.66,63.59788076201231,55.94908026869986,63.59788076201231,55.94908026869986,69.78699880729023,67.50229484322696,69.78699880729023,67.50229484322696,96,101,96,101,-1,4,-1,4,-1,4,-1,4,96,101,96,101
1788399382,18.57,18.59,18.55,18.55,0,0,0,0,0,0,0,0,18.543304065298653,18.718408156473362,18.38,18.66,64.37078961123736,57.152181603348076,64.37078961123736,57.152181603348076,70.31935805103646,68.91082644713171,70.31935805103646,68.91082644713171,96,101,96,101,-1,4,-1,4,-1,4,-1,4,96,101,96,101
1788399489,18.54,18.57,18.53,18.57,0,0,0,0,0,0,0,0,18.545733629183747,18.716798788415584,18.38,18.66,65.34778895956362,58.32298265423601,65.34778895956362,58.32298265423601,70.54400574258727,69.72741609485949,70.54400574258727,69.72741609485949,96,101,96,101,-1,4,-1,4,-1,4,-1,4,96,101,96,101
1788399556,18.580000000000002,18.580000000000002,18.540000000000003,18.540000000000003,0,0,0,0,0,0,0,0,18.547115393574582,18.715172266474468,18.38,18.66,65.73235455652862,59.381464354563526,65.73235455652862,59.381464354563526,70.73656090677383,70.23198850081667,70.73656090677383,70.23198850081667,96,101,96,101,-1,4,-1,4,-1,4,-1,4,96,101,96,101
1788399826,18.53,18.55,18.51,18.55,0,0,0,0,0,0,0,0,18.54521562504587,18.713396091352003,18.38,18.66,66.26366721015638,60.36463619107679,66.26366721015638,60.36463619107679,70.20662749538158,70.21930799809913,70.20662749538158,70.21930799809913,96,101,96,101,-1,4,-1,4,-1,4,-1,4,96,101,96,101
1788399897,18.56,18.6,18.560000000000002,18.560000000000002,0,0,0,0,0,0,0,0,18.55032793564359,18.712002432068235,18.38,18.66,66.93124498782818,61.302723162041275,66.93124498782818,61.302723162041275,70.48013958478597,70.34972379144256,70.48013958478597,70.34972379144256,96,101,96,101,-1,4,-1,4,-1,4,-1,4,96,101,96,101
1788400012,18.55,18.59,18.55,18.59,0,0,0,0,0,0,0,0,18.555116795829605,18.710655807536877,18.38,18.66,68.07378672214706,62.2700179563421,68.07378672214706,62.2700179563421,70.60202440600693,70.47587409872474,70.60202440600693,70.47587409872474,96,101,96,101,-1,4,-1,4,-1,4,-1,4,96,101,96,101
1788400111,18.6,18.63,18.59,18.63,0,0,0,0,0,0,0,0,18.566307681436342,18.709720592204835,18.38,18.66,69.80477997825741,63.34641253090144,69.80477997825741,63.34641253090144,72.70649710991086,71.5911856043178,72.70649710991086,71.5911856043178,96,101,96,101,-1,4,-1,4,-1,4,-1,4,96,101,96,101
1788400173,18.64,18.67,18.630000000000003,18.630000000000003,0,0,0,0,0,0,0,0,18.580312345417614,18.709060022464822,18.38,18.67,71.2472956940962,64.47511012564355,71.2472956940962,64.47511012564355,75.22308047208945,73.40713303820363,75.22308047208945,73.40713303820363,96,101,96,101,-1,4,-1,4,-1,4,-1,4,96,101,96,101
1788400335,18.62,18.63,18.59,18.59,0,0,0,0,0,0,0,0,18.584497979584107,18.708008015607792,18.38,18.67,71.87248885880358,65.53187851609499,71.87248885880358,65.53187851609499,75.51140887755459,74.45927095787911,75.51140887755459,74.45927095787911,96,101,96,101,-1,4,-1,4,-1,4,-1,4,96,101,96,101
1788400425,18.580000000000002,18.6,18.560000000000002,18.560000000000002,0,0,0,0,0,0,0,0,18.58246804390215,18.706667969017996,18.38,18.67,71.91731108317478,66.44408316853496,71.91731108317478,66.44408316853496,74.1821928310073,74.32073189444321,74.1821928310073,74.32073189444321,96,101,96,101,-1,4,-1,4,-1,4,-1,4,96,101,96,101
1788400596,18.55,18.59,18.55,18.59,0,0,0,0,0,0,0,0,18.58141324804115,18.70537442372097,18.38,18.67,72.49464600580514,67.30844928814498,72.49464600580514,67.30844928814498,73.14138695859725,73.73105942652023,73.14138695859725,73.73105942652023,96,101,96,101,-1,4,-1,4,-1,4,-1,4,96,101,96,101
1788400669,18.6,18.64,18.6,18.6,0,0,0,0,0,0,0,0,18.58721689991246,18.70445859197582,18.38,18.67,73.20931414824763,68.15142998244536,73.20931414824763,68.15142998244536,73.92414448667921,73.82760195659972,73.92414448667921,73.82760195659972,96,101,96,101,-1,4,-1,4,-1,4,-1,4,96,101,96,101
1788400798,18.59,18.63,18.59,18.63,0,0,0,0,0,0,0,0,18.59257140295868,18.703585040480206,18.38,18.67,74.40864885194419,69.04531839237377,74.40864885194419,69.04531839237377,74.8906460132127,74.3591239849062,74.8906460132127,74.3591239849062,96,101,96,101,-1,4,-1,4,-1,4,-1,4,96,101,96,101
1788400875,18.64,18.66,18.62,18.62,0,0,0,0,0,0,0,1,18.5999826630268,18.702886018518544,18.42,18.67,75.3437453625196,69.94509367382318,75.3437453625196,69.94509367382318,76.60577540048774,75.48244969269697,76.60577540048774,75.48244969269697,96,101,96,101,-1,4,-1,4,-1,4,-1,4,96,101,96,101
1788401002,18.61,18.65,18.61,18.65,0,0,0,0,0,0,0,0,18.606652481870412,18.70222711949514,18.51,18.67,76.72896655842979,70.91421837162412,76.72896655842979,70.91421837162412,78.17440847135397,76.82842908202548,78.17440847135397,76.82842908202548,96,101,96,101,-1,4,-1,4,-1,4,-1,4,96,101,96,101
1788401167,18.66,18.67,18.630000000000003,18.630000000000003,0,0,0,0,0,0,0,0,18.613321727590943,18.701641111672636,18.51,18.67,77.63930353357956,71.87494482333203,77.63930353357956,71.87494482333203,80.01156194096335,78.41999551149442,80.01156194096335,78.41999551149442,96,101,96,101,-1,4,-1,4,-1,4,-1,4,96,101,96,101
1788401349,18.62,18.63,18.59,18.63,0,0,0,0,0,0,0,0,18.613929898331982,18.700795594806905,18.51,18.67,78.48461643907571,72.81918362558112,78.48461643907571,72.81918362558112,80.40399890506217,79.4119972082783,80.40399890506217,79.4119972082783,96,101,96,101,-1,4,-1,4,-1,4,-1,4,96,101,96,101
1788401817,18.64,18.66,18.62,18.66,0,0,0,0,0,0,0,0,18.619882038029196,18.700256998507,18.51,18.67,79.83345962575824,73.82122305417785,79.83345962575824,73.82122305417785,82.11968379054598,80.76584049941214,82.11968379054598,80.76584049941214,96,101,96,101,-1,4,-1,4,-1,4,-1,4,96,101,96,101
1788402009,18.67,18.69,18.650000000000002,18.69,0,0,0,0,0,0,0,0,18.63020651596328,18.70002226883695,18.51,18.69,81.27392679534694,74.885895017202,81.27392679534694,74.885895017202,84.12101928590592,82.44342989265903,84.12101928590592,82.44342989265903,96,101,96,101,-1,4,-1,4,-1,4,-1,4,96,101,96,101
1788402157,18.7,18.7,18.66,18.66,0,0,0,0,0,0,0,0,18.638047755485108,18.69975670728965,18.51,18.7,81.91463934132392,75.89000134921942,81.91463934132392,75.89000134921942,85.31801653077646,83.88072321171774,85.31801653077646,83.88072321171774,96,101,96,101,-1,4,-1,4,-1,4,-1,4,96,101,96,101
1788402246,18.650000000000002,18.66,18.62,18.62,0,0,0,0,0,0,0,0,18.63719058782115,18.69909577819556,18.51,18.7,81.81272259394716,76.73610438418052,81.81272259394716,76.73610438418052,84.46901416923717,84.17486869047745,84.46901416923717,84.17486869047745,96,101,96,101,-1,4,-1,4,-1,4,-1,4,96,101,96,101
1788402420,18.61,18.62,18.580000000000002,18.62,0,0,0,0,0,0,0,0,18.63164078397488,18.69817608554353,18.51,18.7,81.71808561424017,77.44781598847476,81.71808561424017,77.44781598847476,82.66986928791758,83.42236898919751,82.66986928791758,83.42236898919751,96,101,96,101,-1,4,-1,4,-1,4,-1,4,96,101,96,101
1788402631,18.63,18.66,18.62,18.66,0,0,0,0,0,0,0,0,18.634372762646112,18.697663554012415,18.51,18.7,82.32707253029619,78.14485263730639,82.32707253029619,78.14485263730639,82.73488796107227,83.07862847513489,82.73488796107227,83.07862847513489,96,101,96,101,-1,4,-1,4,-1,4,-1,4,96,101,96,101
1788402870,18.67,18.7,18.66,18.66,0,0,0,0,0,0,0,0,18.64145650277106,18.697421462264366,18.55,18.7,82.89256038091966,78.82309660067972,82.89256038091966,78.82309660067972,83.86204682377618,83.47033764945553,83.86204682377618,83.47033764945553,96,101,96,101,-1,4,-1,4,-1,4,-1,4,96,101,96,101
1788403105,18.650000000000002,18.69,18.650000000000002,18.69,0,0,0,0,0,0,0,0,18.64785835075208,18.697214946885286,18.55,18.7,83.94030432583658,79.55412627570213,83.94030432583658,79.55412627570213,85.00675442037975,84.23854603491765,85.00675442037975,84.23854603491765,96,101,96,101,-1,4,-1,4,-1,4,-1,4,96,101,96,101
1788403200,18.7,18.740000000000002,18.700000000000003,18.700000000000003,0,0,0,0,0,0,0,0,18.65976289303958,18.697375328839993,18.55,18.740000000000002,84.45250481049905,80.25389463781597,84.45250481049905,80.25389463781597,85.87880537619853,85.05867570555809,85.87880537619853,85.05867570555809,96,101,96,101,-1,4,-1,4,-1,4,-1,4,96,101,96,101
1788403285,18.68,18.7,18.66,18.66,0,0,0,0,0,0,0,0,18.66223024582026,18.697136105004105,18.55,18.740000000000002,84.2931989113364,80.83093810546175,84.2931989113364,80.83093810546175,85.19770619547158,85.12819095051483,85.19770619547158,85.12819095051483,96,101,96,101,-1,4,-1,4,-1,4,-1,4,96,101,96,101
1788403458,18.650000000000002,18.650000000000002,18.610000000000003,18.610000000000003,0,0,0,0,0,0,0,0,18.655158079913548,18.696401749067082,18.55,18.740000000000002,83.35162121132034,81.19103569201297,83.35162121132034,81.19103569201297,82.22303388183275,83.67561241617379,82.22303388183275,83.67561241617379,96,101,96,101,-1,4,-1,4,-1,4,-1,4,96,101,96,101
1788403909,18.6,18.63,18.59,18.63,0,0,0,0,0,0,0,0,18.648159641141387,18.6956083651626,18.55,18.740000000000002,82.79475937876566,81.42013907583478,82.79475937876566,81.42013907583478,77.06073711610517,80.36817476613948,77.06073711610517,80.36817476613948,96,101,96,101,-1,4,-1,4,-1,4,-1,4,96,101,96,101
1788404520,18.64,18.669999999999998,18.63,18.669999999999998,0,0,0,0,0,0,0,0,18.649706373055075,18.695220885575576,18.55,18.740000000000002,82.9125940263141,81.63334692590327,82.9125940263141,81.63334692590327,75.12038336659927,77.74427906636937,75.12038336659927,77.74427906636937,96,101,96,101,-1,4,-1,4,-1,4,-1,4,96,101,96,101
1788404635,18.68,18.69,18.650000000000002,18.69,0,0,0,0,0,0,0,0,18.654608244620817,18.695036266481956,18.580000000000002,18.740000000000002,83.26204288506167,81.86601777721161,83.26204288506167,81.86601777721161,74.94790623969365,76.34609265303152,74.94790623969365,76.34609265303152,96,101,96,101,-1,4,-1,4,-1,4,-1,4,96,101,96,101
1788404913,18.7,18.72,18.68,18.72,0,0,0,0,0,0,0,0,18.664073412265516,18.695151991856928,18.580000000000002,18.740000000000002,84.08167140079031,82.18253972343715,84.08167140079031,82.18253972343715,76.53919913712872,76.44264589508012,76.53919913712872,76.44264589508012,96,101,96,101,-1,4,-1,4,-1,4,-1,4,96,101,96,101
1788405183,18.73,18.75,18.71,18.75,0,0,0,0,0,0,0,0,18.677272185792997,18.695565073198317,18.580000000000002,18.75,85.21869487216244,82.61627617325505,85.21869487216244,82.61627617325505,79.17645640325337,77.80955114916674,79.17645640325337,77.80955114916674,96,101,96,101,-1,4,-1,4,-1,4,-1,4,96,101,96,101
1788405318,18.76,18.76,18.720000000000002,18.720000000000002,0,0,0,0,0,0,0,0,18.687465121709423,18.69594087678175,18.580000000000002,18.76,85.560216667008,83.03683910093403,85.560216667008,83.03683910093403,80.77981977421712,79.29468546169193,80.77981977421712,79.29468546169193,96,101,96,101,-1,4,-1,4,-1,4,-1,4,96,101,96,101
1788405430,18.71,18.73,18.69,18.69,0,0,0,0,0,0,0,0,18.690350251095587,18.69601443356336,18.580000000000002,18.76,85.27584028853751,83.35669641344882,85.27584028853751,83.35669641344882,80.2112740921859,79.75297977693891,80.2112740921859,79.75297977693891,96,101,96,101,-1,4,-1,4,-1,4,-1,4,96,101,96,101
1788405987,18.68,18.72,18.68,18.72,0,0,0,0,0,0,0,0,18.69331687210851,18.696120425932545,18.580000000000002,18.76,85.57568628296524,83.67369496623688,85.57568628296524,83.67369496623688,79.8382349361593,79.79560735654911,79.8382349361593,79.79560735654911,96,101,96,101,-1,4,-1,4,-1,4,-1,4,96,101,96,101
1788411618,18.73,18.75,18.71,18.71,0,0,0,0,0,0,0,0,18.698774410513025,18.696391201130563,18.580000000000002,18.76,85.66614478155043,83.9583306541388,85.66614478155043,83.9583306541388,80.54705851670795,80.17133293662853,80.54705851670795,80.17133293662853,96,101,96,101,-1,4,-1,4,-1,4,-1,4,96,101,96,101
1788411781,18.7,18.7,18.66,18.66,0,0,0,0,0,0,0,0,18.694148760116718,18.696161769610192,18.580000000000002,18.76,84.81029233474794,84.0800394656544,84.81029233474794,84.0800394656544,77.61176444289234,78.89154868976044,77.61176444289234,78.89154868976044,96,101,96,101,-1,4,-1,4,-1,4,-1,4,96,101,96,101
1788412017,18.650000000000002,18.66,18.62,18.62,0,0,0,0,0,0,0,0,18.683091409792468,18.695536611040275,18.580000000000002,18.76,83.26369250632611,83.96341847146464,83.26369250632611,83.96341847146464,72.23865523676506,75.56510196326275,72.23865523676506,75.56510196326275,96,101,96,101,-1,4,-1,4,-1,4,-1,4,96,101,96,101
1788412275,18.61,18.63,18.59,18.59,0,0,0,0,0,0,0,0,18.668589941345353,18.694619165490952,18.580000000000002,18.76,81.26365431978401,83.5777378783674,81.26365431978401,83.5777378783674,65.45626231178497,70.51068213752386,65.45626231178497,70.51068213752386,96,101,96,101,-1,4,-1,4,-1,4,-1,4,96,101,96,101
1788412512,18.580000000000002,18.6,18.560000000000002,18.560000000000002,0,0,0,0,0,0,0,0,18.65127055807044,18.69341234129038,18.560000000000002,18.76,78.84256622927316,82.90128478563965,78.84256622927316,82.90128478563965,57.60196633527136,64.05632423639761,57.60196633527136,64.05632423639761,96,101,96,101,-1,4,-1,4,-1,4,-1,4,96,101,96,101
1788413035,18.55,18.57,18.53,18.53,0,0,0,0,0,0,0,0,18.631645608118237,18.69191901782812,18.53,18.76,76.03050322793412,81.91974456311029,76.03050322793412,81.91974456311029,50.1184556165678,57.08738992648271,50.1184556165678,57.08738992648271,96,101,96,101,-1,4,-1,4,-1,4,-1,4,96,101,96,101
1788413221,18.51,18.54,18.5,18.54,0,0,0,0,0,0,0,0,18.612558527854315,18.690274715826515,18.5,18.76,73.60727179435987,80.7322484532888,73.60727179435987,80.7322484532888,44.38724767134401,50.73731879891336,44.38724767134401,50.73731879891336,96,101,96,101,-1,4,-1,4,-1,4,-1,4,96,101,96,101
1788413397,18.55,18.57,18.53,18.57,0,0,0,0,0,0,0,0,18.602396371274743,18.688945282501543,18.5,18.76,71.92103809476274,79.47350411635651,71.92103809476274,79.47350411635651,41.23302547653659,45.98517213772497,41.23302547653659,45.98517213772497,96,101,96,101,-1,4,-1,4,-1,4,-1,4,96,101,96,101
1788413562,18.580000000000002,18.6,18.560000000000002,18.560000000000002,0,0,0,0,0,0,0,0,18.597112182558124,18.687794914848126,18.5,18.76,70.16727973461055,78.1440434903928,70.16727973461055,78.1440434903928,39.29863722164668,42.64190467968582,39.29863722164668,42.64190467968582,96,101,96,101,-1,4,-1,4,-1,4,-1,4,96,101,96,101
1788413808,18.55,18.58,18.54,18.58,0,0,0,0,0,0,0,0,18.591576634214224,18.686589658647314,18.5,18.76,68.91472967837892,76.82557008867653,68.91472967837892,76.82557008867653,37.31091981635642,39.97641224802112,37.31091981635642,39.97641224802112,96,101,96,101,-1,4,-1,4,-1,4,-1,4,96,101,96,101
1788414265,18.59,18.59,18.55,18.55,0,0,0,0,0,0,0,0,18.586441488599515,18.68536322754966,18.5,18.76,67.18773770887067,75.44873689156141,67.18773770887067,75.44873689156141,35.607162040393334,37.79178714420723,35.607162040393334,37.79178714420723,96,101,96,101,-1,4,-1,4,-1,4,-1,4,96,101,96,101
1788414403,18.54,18.58,18.54,18.58,0,0,0,0,0,0,0,0,18.582846066429905,18.68418216724237,18.5,18.76,66.14801208304904,74.12006191891679,66.14801208304904,74.12006191891679,34.036908122534925,35.91434763337108,34.036908122534925,35.91434763337108,96,101,96,101,-1,4,-1,4,-1,4,-1,4,96,101,96,101
1788414663,18.59,18.62,18.580000000000002,18.62,0,0,0,0,0,0,0,0,18.587177084654773,18.68341086872918,18.5,18.76,65.93443227260569,72.95068625515806,65.93443227260569,72.95068625515806,34.99866850063439,35.45650806700273,34.99866850063439,35.45650806700273,96,101,96,101,-1,4,-1,4,-1,4,-1,4,96,101,96,101
1788415221,18.63,18.66,18.62,18.66,0,0,0,0,0,0,0,0,18.5979933722933,18.68304525477831,18.5,18.76,66.4879878621564,72.0274436275864,66.4879878621564,72.0274436275864,38.02083673680749,36.738672401905106,38.02083673680749,36.738672401905106,96,101,96,101,-1,4,-1,4,-1,4,-1,4,96,101,96,101
1788415543,18.67,18.67,18.630000000000003,18.630000000000003,0,0,0,0,0,0,0,0,18.606237001573305,18.682650111281344,18.5,18.76,66.43809399230317,71.22896510826021,66.43809399230317,71.22896510826021,40.611266653527295,38.6749695277162,40.611266653527295,38.6749695277162,96,101,96,101,-1,4,-1,4,-1,4,-1,4,96,101,96,101
1788415912,18.62,18.66,18.62,18.66,0,0,0,0,0,0,0,0,18.6135878497721,18.682292067056324,18.5,18.76,66.95567374473264,70.61849491347056,66.95567374473264,70.61849491347056,42.721745043682795,40.6983572856995,42.721745043682795,40.6983572856995,96,101,96,101,-1,4,-1,4,-1,4,-1,4,96,101,96,101
1788416286,18.67,18.68,18.64,18.64,0,0,0,0,0,0,0,0,18.620814301328686,18.682003920452114,18.5,18.76,67.06034366522165,70.11018759229214,67.06034366522165,70.11018759229214,45.08017707040937,42.88926717805444,45.08017707040937,42.88926717805444,96,101,96,101,-1,4,-1,4,-1,4,-1,4,96,101,96,101
1788417138,18.63,18.64,18.6,18.6,0,0,0,0,0,0,0,0,18.61945412532953,18.681320631028047,18.5,18.75,66.05183172274783,69.53042246807152,66.05183172274783,69.53042246807152,44.90388803837268,43.89657760821356,44.90388803837268,43.89657760821356,96,101,96,101,-1,4,-1,4,-1,4,-1,4,96,101,96,101